国,リーグ,所属クラブ,選手名,出身国,年齢,身長,体重,ポジション,詳細
日本,J1,浦和レッズ,西川 周作,日本,39,183cm,81kg,GK,ゴールキーパー
日本,J1,浦和レッズ,牲川 歩見,日本,31,195cm,90kg,GK,ゴールキーパー
日本,J1,浦和レッズ,吉田 舜,日本,28,185cm,83kg,GK,ゴールキーパー
日本,J1,浦和レッズ,ダニーロ ボザ,ブラジル,27,184cm,72kg,DF,センターバック
日本,J1,浦和レッズ,石原 広教,日本,26,169cm,65kg,DF,サイドバック
日本,J1,浦和レッズ,マリウス ホイブラーテン,ノルウェー,30,184cm,77kg,DF,センターバック
日本,J1,浦和レッズ,荻原 拓也,日本,25,175cm,73kg,DF,サイドバック
日本,J1,浦和レッズ,根本 健太,日本,22,184cm,81kg,DF,センターバック
日本,J1,浦和レッズ,井上 黎生人,日本,28,180cm,77kg,DF,センターバック
日本,J1,浦和レッズ,松本 泰志,日本,26,180cm,70kg,MF,ミッドフィールダー
日本,J1,浦和レッズ,マテウス サヴィオ,ブラジル,28,175cm,74kg,MF,ミッドフィールダー
日本,J1,浦和レッズ,原口 元気,日本,34,180cm,72kg,MF,ミッドフィールダー/ウィング
日本,J1,浦和レッズ,中島 翔哉,日本,30,164cm,64kg,MF,ミッドフィールダー
日本,J1,浦和レッズ,サミュエル グスタフソン,スウェーデン,30,187cm,79kg,MF,ミッドフィールダー
日本,J1,浦和レッズ,渡邊 凌磨,日本,28,176cm,72kg,MF,ミッドフィールダー/サイドバック
日本,J1,浦和レッズ,関根 貴大,日本,30,167cm,61kg,MF,ウィング/サイドバック
日本,J1,浦和レッズ,大久保 智明,日本,26,170cm,62kg,MF,ウィング/ミッドフィールダー
日本,J1,浦和レッズ,柴戸 海,日本,29,180cm,70kg,MF,ミッドフィールダー
日本,J1,浦和レッズ,松尾 佑介,日本,27,170cm,65kg,MF,ウィング/フォワード
日本,J1,浦和レッズ,安居 海渡,日本,25,174cm,69kg,MF,ミッドフィールダー
日本,J1,浦和レッズ,早川 隼平,日本,19,163cm,65kg,MF,ミッドフィールダー
日本,J1,浦和レッズ,金子 拓郎,日本,27,178cm,75kg,MF,ウィング
日本,J1,浦和レッズ,長沼 洋一,日本,28,178cm,70kg,MF,ウィング/サイドバック
日本,J1,浦和レッズ,安部 裕葵,日本,26,171cm,65kg,FW,フォワード/ウィング
日本,J1,浦和レッズ,チアゴ サンタナ,ブラジル,32,184cm,80kg,FW,フォワード
日本,J1,浦和レッズ,小森 飛絢,日本,24,178cm,74kg,FW,フォワード
日本,J1,浦和レッズ,髙橋 利樹,日本,27,182cm,76kg,FW,フォワード
日本,J1,浦和レッズ,照内 利和,日本,18,172cm,68kg,FW,フォワード
日本,J1,浦和レッズ,二田 理央,日本,22,174cm,70kg,FW,フォワード
日本,J1,東京ヴェルディ,マテウス,ブラジル,32,190cm,82kg,GK,ゴールキーパー
日本,J1,東京ヴェルディ,長沢 祐弥,日本,29,185cm,85kg,GK,ゴールキーパー
日本,J1,東京ヴェルディ,馬渡 洋樹,日本,30,187cm,82kg,GK,ゴールキーパー
日本,J1,東京ヴェルディ,中村 圭佑,日本,20,187cm,85kg,GK,ゴールキーパー
日本,J1,東京ヴェルディ,深澤 大輝,日本,26,174cm,70kg,DF,ディフェンダー
日本,J1,東京ヴェルディ,谷口 栄斗,日本,25,181cm,77kg,DF,ディフェンダー
日本,J1,東京ヴェルディ,林 尚輝,日本,27,181cm,70kg,DF,ディフェンダー
日本,J1,東京ヴェルディ,千田 海人,日本,30,186cm,82kg,DF,ディフェンダー
日本,J1,東京ヴェルディ,宮原 和也,日本,29,172cm,68kg,DF,ディフェンダー
日本,J1,東京ヴェルディ,鈴木 海音,日本,22,182cm,72kg,DF,ディフェンダー
日本,J1,東京ヴェルディ,内田 陽介,日本,22,167cm,65kg,DF,ディフェンダー
日本,J1,東京ヴェルディ,佐古 真礼,日本,22,193cm,88kg,DF,ディフェンダー
日本,J1,東京ヴェルディ,森田 晃樹,日本,24,167cm,63kg,MF,ミッドフィールダー
日本,J1,東京ヴェルディ,齋藤 功佑,日本,28,170cm,61kg,MF,ミッドフィールダー
日本,J1,東京ヴェルディ,福田 湧矢,日本,26,176cm,70kg,MF,ミッドフィールダー
日本,J1,東京ヴェルディ,平川 怜,日本,25,176cm,72kg,MF,ミッドフィールダー
日本,J1,東京ヴェルディ,稲見 哲行,日本,26,178cm,75kg,MF,ミッドフィールダー
日本,J1,東京ヴェルディ,松橋 優安,日本,23,172cm,60kg,MF,ミッドフィールダー
日本,J1,東京ヴェルディ,食野 壮磨,日本,24,167cm,63kg,MF,ミッドフィールダー
日本,J1,東京ヴェルディ,翁長 聖,日本,30,171cm,68kg,MF,ミッドフィールダー
日本,J1,東京ヴェルディ,綱島 悠斗,日本,24,188cm,80kg,MF,ミッドフィールダー
日本,J1,東京ヴェルディ,山本 丈偉,日本,19,185cm,70kg,MF,ミッドフィールダー
日本,J1,東京ヴェルディ,川村 楽人,日本,19,177cm,65kg,MF,ミッドフィールダー
日本,J1,東京ヴェルディ,仲山 獅恩,日本,17,170cm,61kg,MF,ミッドフィールダー
日本,J1,東京ヴェルディ,新井 悠太,日本,22,166cm,65kg,MF,ミッドフィールダー
日本,J1,東京ヴェルディ,染野 唯月,日本,23,181cm,73kg,FW,フォワード
日本,J1,東京ヴェルディ,木村 勇大,日本,24,185cm,84kg,FW,フォワード
日本,J1,東京ヴェルディ,山見 大登,日本,25,165cm,61kg,FW,フォワード
日本,J1,東京ヴェルディ,山田 剛綺,日本,24,170cm,65kg,FW,フォワード
日本,J1,東京ヴェルディ,熊取谷 一星,日本,22,166cm,62kg,FW,フォワード
日本,J1,東京ヴェルディ,白井 亮丞,日本,20,185cm,77kg,FW,フォワード
日本,J1,FC東京,波多野 豪,日本,27,198cm,100kg,GK,ゴールキーパー
日本,J1,FC東京,小林 将天,日本,19,190cm,87kg,GK,ゴールキーパー
日本,J1,FC東京,後藤 亘,日本,19,192cm,83kg,GK,ゴールキーパー
日本,J1,FC東京,キム スンギュ,韓国,34,187cm,84kg,GK,ゴールキーパー
日本,J1,FC東京,渡邊 麻舟,日本,17,186cm,85kg,GK,ゴールキーパー
日本,J1,FC東京,新堀 恵太,日本,16,191cm,84kg,GK,ゴールキーパー
日本,J1,FC東京,室屋 成,日本,31,176cm,70kg,DF,右サイドバック
日本,J1,FC東京,森重 真人,日本,38,183cm,80kg,DF,センターバック
日本,J1,FC東京,木本 恭生,日本,31,184cm,78kg,DF,センターバック
日本,J1,FC東京,長友 佑都,日本,38,170cm,68kg,DF,サイドバック
日本,J1,FC東京,バングーナガンデ 佳史扶,日本,23,176cm,74kg,DF,サイドバック
日本,J1,FC東京,アレクサンダー ショルツ,デンマーク,32,189cm,84kg,DF,センターバック
日本,J1,FC東京,岡 哲平,日本,23,186cm,83kg,DF,センターバック
日本,J1,FC東京,土肥 幹太,日本,20,185cm,75kg,DF,センターバック
日本,J1,FC東京,エンリケ トレヴィザン,ブラジル,28,185cm,78kg,DF,センターバック
日本,J1,FC東京,木村 誠二,日本,23,186cm,80kg,DF,センターバック
日本,J1,FC東京,白井 康介,日本,31,166cm,63kg,DF,サイドバック
日本,J1,FC東京,安斎 颯馬,日本,22,175cm,68kg,MF,ミッドフィールダー/ウィング
日本,J1,FC東京,高 宇洋,日本,27,173cm,72kg,MF,ボランチ
日本,J1,FC東京,東 慶悟,日本,34,178cm,72kg,MF,ミッドフィールダー
日本,J1,FC東京,寺山 翼,日本,25,180cm,78kg,MF,ミッドフィールダー
日本,J1,FC東京,橋本 拳人,日本,31,183cm,72kg,MF,ボランチ
日本,J1,FC東京,遠藤 渓太,日本,27,176cm,73kg,MF,ミッドフィールダー/ウィング
日本,J1,FC東京,常盤 亨太,日本,23,173cm,70kg,MF,ミッドフィールダー
日本,J1,FC東京,俵積田 晃太,日本,21,175cm,71kg,MF,ミッドフィールダー/ウィング
日本,J1,FC東京,西堂 久俊,日本,24,180cm,76kg,MF,ミッドフィールダー
日本,J1,FC東京,小泉 慶,日本,30,173cm,70kg,MF,ボランチ
日本,J1,FC東京,荒井 悠汰,日本,21,175cm,71kg,MF,ミッドフィールダー
日本,J1,FC東京,北原 槙,日本,15,174cm,66kg,MF,ミッドフィールダー
日本,J1,FC東京,小柏 剛,日本,26,167cm,68kg,FW,フォワード
日本,J1,FC東京,山下 敬大,日本,29,185cm,81kg,FW,センターフォワード
日本,J1,FC東京,佐藤 恵允,日本,23,179cm,76kg,FW,フォワード/ウィング
日本,J1,FC東京,マルセロ ヒアン,ブラジル,23,188cm,83kg,FW,センターフォワード
日本,J1,FC東京,小湊 絆,日本,20,178cm,76kg,FW,フォワード
日本,J1,FC東京,長倉 幹樹,日本,25,177cm,72kg,FW,フォワード
日本,J1,FC東京,野澤 零温,日本,21,174cm,70kg,FW,フォワード
日本,J1,FC東京,仲川 輝人,日本,32,161cm,57kg,FW,フォワード/ウィング
日本,J1,FC東京,山口 太陽,日本,18,183cm,79kg,FW,フォワード
日本,J1,FC東京,エヴェルトン ガウディーノ,ブラジル,28,177cm,76kg,FW,フォワード/ウィング
日本,J1,川崎フロンターレ,チョン ソンリョン,大韓民国,40,191cm,91kg,GK,ゴールキーパー
日本,J1,川崎フロンターレ,ジェジエウ,ブラジル,31,186cm,84kg,DF,センターバック
日本,J1,川崎フロンターレ,佐々木 旭,日本,25,178cm,71kg,DF,サイドバック
日本,J1,川崎フロンターレ,山本 悠樹,日本,27,174cm,68kg,MF,ボランチ
日本,J1,川崎フロンターレ,車屋 紳太郎,日本,33,178cm,73kg,DF,サイドバック/センターバック
日本,J1,川崎フロンターレ,橘田 健人,日本,27,168cm,68kg,MF,ボランチ
日本,J1,川崎フロンターレ,エリソン,ブラジル,26,180cm,83kg,FW,センターフォワード
日本,J1,川崎フロンターレ,大島 僚太,日本,32,168cm,64kg,MF,ミッドフィールダー
日本,J1,川崎フロンターレ,小林 悠,日本,37,177cm,72kg,FW,フォワード
日本,J1,川崎フロンターレ,三浦 颯太,日本,24,178cm,74kg,DF,サイドバック
日本,J1,川崎フロンターレ,脇坂 泰斗,日本,30,172cm,68kg,MF,ミッドフィールダー
日本,J1,川崎フロンターレ,田邉 秀斗,日本,23,179cm,70kg,DF,サイドバック
日本,J1,川崎フロンターレ,大関 友翔,日本,20,178cm,68kg,MF,ミッドフィールダー
日本,J1,川崎フロンターレ,伊藤 達哉,日本,28,166cm,61kg,FW,ウィング
日本,J1,川崎フロンターレ,河原 創,日本,27,168cm,65kg,MF,ボランチ
日本,J1,川崎フロンターレ,山田 新,日本,25,175cm,69kg,FW,フォワード
日本,J1,川崎フロンターレ,安藤 駿介,日本,34,185cm,84kg,GK,ゴールキーパー
日本,J1,川崎フロンターレ,マルシーニョ,ブラジル,30,172cm,66kg,FW,ウィング
日本,J1,川崎フロンターレ,宮城 天,日本,24,177cm,70kg,FW,フォワード
日本,J1,川崎フロンターレ,中川 真,日本,18,190cm,76kg,GK,ゴールキーパー
日本,J1,川崎フロンターレ,山内 日向汰,日本,24,172cm,64kg,MF,ミッドフィールダー
日本,J1,川崎フロンターレ,神橋 良汰,日本,19,177cm,72kg,DF,センターバック
日本,J1,川崎フロンターレ,野田 裕人,日本,18,182cm,75kg,DF,センターバック
日本,J1,川崎フロンターレ,ファン ウェルメスケルケン 際,オランダ,31,176cm,70kg,DF,サイドバック
日本,J1,川崎フロンターレ,イ クンヒョン,韓国,18,188cm,80kg,GK,ゴールキーパー
日本,J1,川崎フロンターレ,丸山 祐市,日本,36,184cm,78kg,DF,センターバック
日本,J1,川崎フロンターレ,神田 奏真,日本,20,179cm,70kg,FW,フォワード
日本,J1,川崎フロンターレ,土屋 櫂大,日本,19,176cm,70kg,DF,センターバック
日本,J1,川崎フロンターレ,家長 昭博,日本,39,173cm,70kg,MF,ミッドフィールダー/フォワード
日本,J1,川崎フロンターレ,セサル アイダル,コロンビア,24,185cm,80kg,DF,センターバック
日本,J1,川崎フロンターレ,山口 瑠伊,フランス,27,186cm,81kg,GK,ゴールキーパー
日本,J1,鹿島アントラーズ,早川 友基,日本,26,187cm,81kg,GK,ゴールキーパー
日本,J1,鹿島アントラーズ,山田 大樹,日本,23,192cm,90kg,GK,ゴールキーパー
日本,J1,鹿島アントラーズ,梶川 裕嗣,日本,33,185cm,78kg,GK,ゴールキーパー
日本,J1,鹿島アントラーズ,パク ウィジョン,韓国,21,192cm,86kg,GK,ゴールキーパー
日本,J1,鹿島アントラーズ,安西 幸輝,日本,30,172cm,64kg,DF,サイドバック
日本,J1,鹿島アントラーズ,キム テヒョン,韓国,24,187cm,82kg,DF,センターバック
日本,J1,鹿島アントラーズ,関川 郁万,日本,24,182cm,72kg,DF,センターバック
日本,J1,鹿島アントラーズ,濃野 公人,日本,23,179cm,67kg,DF,サイドバック
日本,J1,鹿島アントラーズ,津久井 佳祐,日本,21,180cm,70kg,DF,センターバック
日本,J1,鹿島アントラーズ,小池 龍太,日本,29,170cm,65kg,DF,サイドバック
日本,J1,鹿島アントラーズ,溝口 修平,日本,21,174cm,66kg,DF,ディフェンダー
日本,J1,鹿島アントラーズ,松本 遥翔,日本,18,176cm,73kg,DF,ディフェンダー
日本,J1,鹿島アントラーズ,佐藤 海宏,日本,18,177cm,72kg,DF,ディフェンダー
日本,J1,鹿島アントラーズ,植田 直通,日本,30,186cm,79kg,DF,センターバック
日本,J1,鹿島アントラーズ,三竿 健斗,日本,29,181cm,73kg,MF,ボランチ
日本,J1,鹿島アントラーズ,柴崎 岳,日本,33,175cm,64kg,MF,ミッドフィールダー
日本,J1,鹿島アントラーズ,知念 慶,日本,30,177cm,73kg,MF,ミッドフィールダー
日本,J1,鹿島アントラーズ,樋口 雄太,日本,28,168cm,66kg,MF,ミッドフィールダー
日本,J1,鹿島アントラーズ,ターレス ブレーネル,ブラジル,27,172cm,68kg,MF,アタッカー/ミッドフィールダー
日本,J1,鹿島アントラーズ,舩橋 佑,日本,22,175cm,67kg,MF,ボランチ
日本,J1,鹿島アントラーズ,松村 優太,日本,24,173cm,63kg,MF,ウィング/アタッカー
日本,J1,鹿島アントラーズ,下田 栄祐,日本,21,178cm,77kg,MF,ボランチ
日本,J1,鹿島アントラーズ,荒木 遼太郎,日本,23,170cm,60kg,MF,アタッカー/ミッドフィールダー
日本,J1,鹿島アントラーズ,田川 亨介,日本,26,181cm,70kg,FW,フォワード
日本,J1,鹿島アントラーズ,師岡 柊生,日本,24,174cm,69kg,FW,フォワード
日本,J1,鹿島アントラーズ,徳田 誉,日本,18,186cm,83kg,FW,フォワード
日本,J1,鹿島アントラーズ,鈴木 優磨,日本,29,182cm,75kg,FW,フォワード
日本,J1,鹿島アントラーズ,チャヴリッチ,セルビア,31,186cm,82kg,FW,フォワード/ウィング
日本,J1,湘南ベルマーレ,上福元 直人,日本,35,183cm,80kg,GK,ゴールキーパー
日本,J1,湘南ベルマーレ,永井 建成,日本,29,185cm,80kg,GK,ゴールキーパー
日本,J1,湘南ベルマーレ,真田 幸太,日本,26,190cm,80kg,GK,ゴールキーパー
日本,J1,湘南ベルマーレ,糸原 紘史郎,日本,27,187cm,83kg,GK,ゴールキーパー
日本,J1,湘南ベルマーレ,舘 幸希,日本,27,172cm,71kg,DF,ディフェンダー
日本,J1,湘南ベルマーレ,鈴木 淳之介,日本,21,182cm,70kg,DF,ディフェンダー
日本,J1,湘南ベルマーレ,大野 和成,日本,35,180cm,75kg,DF,ディフェンダー
日本,J1,湘南ベルマーレ,大岩 一貴,日本,35,181cm,78kg,DF,ディフェンダー
日本,J1,湘南ベルマーレ,松本 果成,日本,18,178cm,70kg,DF,ディフェンダー
日本,J1,湘南ベルマーレ,本多 康太郎,日本,19,178cm,70kg,DF,ディフェンダー
日本,J1,湘南ベルマーレ,松村 晟怜,日本,21,183cm,72kg,DF,ディフェンダー
日本,J1,湘南ベルマーレ,髙橋 直也,日本,24,182cm,75kg,DF,ディフェンダー
日本,J1,湘南ベルマーレ,キム ミンテ,大韓民国,31,187cm,84kg,DF,ディフェンダー
日本,J1,湘南ベルマーレ,ゼ ヒカルド,ブラジル,26,177cm,75kg,MF,ミッドフィールダー
日本,J1,湘南ベルマーレ,小野瀬 康介,日本,32,176cm,65kg,MF,ミッドフィールダー
日本,J1,湘南ベルマーレ,平岡 大陽,日本,22,168cm,65kg,MF,ミッドフィールダー
日本,J1,湘南ベルマーレ,茨田 陽生,日本,34,175cm,65kg,MF,ミッドフィールダー
日本,J1,湘南ベルマーレ,奥野 耕平,日本,25,171cm,65kg,MF,ミッドフィールダー
日本,J1,湘南ベルマーレ,田村 蒼生,日本,23,175cm,68kg,MF,ミッドフィールダー
日本,J1,湘南ベルマーレ,池田 昌生,日本,25,177cm,65kg,MF,ミッドフィールダー
日本,J1,湘南ベルマーレ,石橋 瀬凪,日本,19,165cm,60kg,MF,ミッドフィールダー
日本,J1,湘南ベルマーレ,奥埜 博亮,日本,35,171cm,68kg,MF,ミッドフィールダー
日本,J1,湘南ベルマーレ,鈴木 雄斗,日本,31,183cm,75kg,MF,ミッドフィールダー
日本,J1,湘南ベルマーレ,藤井 智也,日本,26,171cm,64kg,MF,ミッドフィールダー
日本,J1,湘南ベルマーレ,小田 裕太郎,日本,23,181cm,70kg,FW,フォワード
日本,J1,湘南ベルマーレ,鈴木 章斗,日本,21,178cm,68kg,FW,フォワード
日本,J1,湘南ベルマーレ,根本 凌,日本,25,183cm,80kg,FW,フォワード
日本,J1,湘南ベルマーレ,ルイス フェリッピ,ブラジル,31,179cm,78kg,FW,フォワード
日本,J1,湘南ベルマーレ,渡邊 啓吾,日本,22,178cm,70kg,FW,フォワード
日本,J1,湘南ベルマーレ,石井 久継,日本,19,170cm,65kg,FW,フォワード
日本,J1,柏レイソル,猿田 遥己,日本,26,191cm,83kg,GK,ゴールキーパー
日本,J1,柏レイソル,小島 亨介,日本,28,183cm,85kg,GK,ゴールキーパー
日本,J1,柏レイソル,坂田 大樹,日本,30,184cm,84kg,GK,ゴールキーパー
日本,J1,柏レイソル,松本 健太,日本,28,185cm,80kg,GK,ゴールキーパー
日本,J1,柏レイソル,三丸 拡,日本,31,172cm,71kg,DF,ディフェンダー
日本,J1,柏レイソル,ジエゴ,ブラジル,29,183cm,78kg,DF,ディフェンダー
日本,J1,柏レイソル,古賀 太陽,日本,26,183cm,78kg,DF,ディフェンダー
日本,J1,柏レイソル,田中 隼人,日本,21,188cm,82kg,DF,ディフェンダー
日本,J1,柏レイソル,犬飼 智也,日本,32,182cm,78kg,DF,ディフェンダー
日本,J1,柏レイソル,片山 瑛一,日本,33,181cm,75kg,DF,ディフェンダー
日本,J1,柏レイソル,野田 裕喜,日本,27,181cm,73kg,DF,ディフェンダー
日本,J1,柏レイソル,杉岡 大暉,日本,26,182cm,75kg,DF,ディフェンダー
日本,J1,柏レイソル,原田 亘,日本,28,178cm,75kg,DF,ディフェンダー
日本,J1,柏レイソル,桒田 大誠,日本,22,185cm,84kg,DF,ディフェンダー
日本,J1,柏レイソル,山田 雄士,日本,25,169cm,63kg,MF,ミッドフィールダー
日本,J1,柏レイソル,小泉 佳穂,日本,28,172cm,63kg,MF,ミッドフィールダー
日本,J1,柏レイソル,渡井 理己,日本,25,168cm,64kg,MF,ミッドフィールダー
日本,J1,柏レイソル,小屋松 知哉,日本,30,171cm,68kg,MF,ミッドフィールダー
日本,J1,柏レイソル,手塚 康平,日本,29,177cm,71kg,MF,ミッドフィールダー
日本,J1,柏レイソル,仲間 隼斗,日本,33,170cm,66kg,MF,ミッドフィールダー
日本,J1,柏レイソル,久保 藤次郎,日本,26,167cm,64kg,MF,ミッドフィールダー
日本,J1,柏レイソル,熊坂 光希,日本,24,185cm,75kg,MF,ミッドフィールダー
日本,J1,柏レイソル,戸嶋 祥郎,日本,29,170cm,69kg,MF,ミッドフィールダー
日本,J1,柏レイソル,島村 拓弥,日本,26,170cm,63kg,MF,ミッドフィールダー
日本,J1,柏レイソル,白井 永地,日本,29,176cm,72kg,MF,ミッドフィールダー
日本,J1,柏レイソル,中島 舜,日本,23,173cm,67kg,MF,ミッドフィールダー
日本,J1,柏レイソル,中川 敦瑛,日本,22,173cm,71kg,MF,ミッドフィールダー
日本,J1,柏レイソル,原川 力,日本,31,175cm,72kg,MF,ミッドフィールダー
日本,J1,柏レイソル,モハマド ファルザン佐名,日本,21,175cm,65kg,MF,ミッドフィールダー
日本,J1,柏レイソル,熊澤 和希,日本,24,180cm,75kg,MF,ミッドフィールダー
日本,J1,柏レイソル,細谷 真大,日本,23,178cm,78kg,FW,フォワード
日本,J1,柏レイソル,木下 康介,日本,30,190cm,85kg,FW,フォワード
日本,J1,柏レイソル,垣田 裕暉,日本,27,187cm,78kg,FW,フォワード
日本,J1,柏レイソル,古澤 ナベル慈宇,日本,22,182cm,86kg,FW,フォワード
日本,J1,横浜FC,フェリペ メギオラーロ,ブラジル,26,185cm,82kg,GK,ゴールキーパー
日本,J1,横浜FC,市川 暉記,日本,26,185cm,78kg,GK,ゴールキーパー
日本,J1,横浜FC,石井 僚,日本,25,190cm,85kg,GK,ゴールキーパー
日本,J1,横浜FC,遠藤 雅己,日本,24,187cm,80kg,GK,ゴールキーパー
日本,J1,横浜FC,櫻井 斗真,日本,25,185cm,80kg,GK,ゴールキーパー
日本,J1,横浜FC,大亀 司,日本,21,185cm,78kg,GK,ゴールキーパー
日本,J1,横浜FC,福井 光輝,日本,29,183cm,78kg,GK,ゴールキーパー
日本,J1,横浜FC,ンドカ ボニフェイス,日本,29,183cm,89kg,DF,ディフェンダー
日本,J1,横浜FC,岩武 克弥,日本,29,178cm,75kg,DF,ディフェンダー
日本,J1,横浜FC,林 幸多郎,日本,24,178cm,70kg,DF,ディフェンダー
日本,J1,横浜FC,ヴァンイヤーデン ショーン,日本,20,185cm,75kg,DF,ディフェンダー
日本,J1,横浜FC,福森 晃斗,日本,32,183cm,78kg,DF,ディフェンダー
日本,J1,横浜FC,ユーリ ララ,ブラジル,31,173cm,74kg,MF,ミッドフィールダー
日本,J1,横浜FC,三田 啓貴,日本,34,178cm,68kg,MF,ミッドフィールダー
日本,J1,横浜FC,カプリーニ,ブラジル,28,175cm,70kg,MF,ミッドフィールダー
日本,J1,横浜FC,井上 潮音,日本,27,167cm,60kg,MF,ミッドフィールダー
日本,J1,横浜FC,高井 和馬,日本,30,178cm,70kg,MF,ミッドフィールダー
日本,J1,横浜FC,和田 拓也,日本,34,178cm,70kg,MF,ミッドフィールダー
日本,J1,横浜FC,山下 諒也,日本,27,170cm,65kg,MF,ミッドフィールダー
日本,J1,横浜FC,山田 康太,日本,25,175cm,68kg,MF,ミッドフィールダー
日本,J1,横浜FC,ヴィトール ブエノ,ブラジル,30,182cm,75kg,MF,ミッドフィールダー
日本,J1,横浜FC,小川 慶治朗,日本,32,170cm,65kg,FW,フォワード
日本,J1,横浜FC,伊藤 翔,日本,36,184cm,75kg,FW,フォワード
日本,J1,横浜FC,森 海渡,日本,25,185cm,75kg,FW,フォワード
日本,J1,横浜FC,室井 彗佑,日本,25,170cm,65kg,FW,フォワード
日本,J1,横浜FC,中野 嘉大,日本,32,178cm,70kg,FW,フォワード
日本,J1,横浜FC,桜川 ソロモン,日本,24,190cm,90kg,FW,フォワード
日本,J1,横浜FC,山田 新,日本,25,175cm,70kg,FW,フォワード
日本,J1,横浜F・マリノス,ポープ・ウィリアム,日本,30,192cm,85kg,GK,ゴールキーパー
日本,J1,横浜F・マリノス,朴 一圭,北朝鮮,35,180cm,76kg,GK,ゴールキーパー
日本,J1,横浜F・マリノス,飯倉 大樹,日本,39,181cm,78kg,GK,ゴールキーパー
日本,J1,横浜F・マリノス,木村 凌也,日本,22,187cm,81kg,GK,ゴールキーパー
日本,J1,横浜F・マリノス,トーマス・デン,オーストラリア,28,182cm,75kg,DF,ディフェンダー
日本,J1,横浜F・マリノス,ジェイソン・キニョーネス,コロンビア,27,184cm,78kg,DF,ディフェンダー
日本,J1,横浜F・マリノス,サンディ・ウォルシュ,インドネシア,30,185cm,80kg,DF,ディフェンダー
日本,J1,横浜F・マリノス,加藤 蓮,日本,25,178cm,71kg,DF,ディフェンダー
日本,J1,横浜F・マリノス,鈴木 冬一,日本,25,173cm,65kg,DF,ディフェンダー
日本,J1,横浜F・マリノス,松原 健,日本,32,180cm,75kg,DF,ディフェンダー
日本,J1,横浜F・マリノス,諏訪間 幸成,日本,22,183cm,78kg,DF,ディフェンダー
日本,J1,横浜F・マリノス,埜口 怜乃,日本,18,175cm,68kg,DF,ディフェンダー
日本,J1,横浜F・マリノス,渡辺 皓太,日本,26,165cm,62kg,MF,ミッドフィールダー
日本,J1,横浜F・マリノス,エウベル,ブラジル,31,170cm,68kg,MF,ミッドフィールダー
日本,J1,横浜F・マリノス,喜田 拓也,日本,30,170cm,66kg,MF,ミッドフィールダー
日本,J1,横浜F・マリノス,井上 健太,日本,26,171cm,67kg,MF,ミッドフィールダー
日本,J1,横浜F・マリノス,天野 純,日本,33,175cm,67kg,MF,ミッドフィールダー
日本,J1,横浜F・マリノス,山根 陸,日本,21,173cm,69kg,MF,ミッドフィールダー
日本,J1,横浜F・マリノス,木村 卓斗,日本,24,171cm,68kg,MF,ミッドフィールダー
日本,J1,横浜F・マリノス,望月 耕平,日本,19,173cm,65kg,MF,ミッドフィールダー
日本,J1,横浜F・マリノス,浅田 大翔,日本,17,180cm,73kg,MF,ミッドフィールダー
日本,J1,横浜F・マリノス,遠野 大弥,日本,26,171cm,68kg,FW,フォワード
日本,J1,横浜F・マリノス,ヤン・マテウス,ブラジル,26,166cm,64kg,FW,フォワード
日本,J1,横浜F・マリノス,植中 朝日,日本,23,178cm,72kg,FW,フォワード
日本,J1,横浜F・マリノス,宮市 亮,日本,32,181cm,77kg,FW,フォワード
日本,J1,ファジアーノ岡山,佐々木 雅士,日本,23,185cm,80kg,GK,ゴールキーパー
日本,J1,ファジアーノ岡山,金山 隼樹,日本,37,187cm,82kg,GK,ゴールキーパー
日本,J1,ファジアーノ岡山,川上 康平,日本,24,187cm,80kg,GK,ゴールキーパー
日本,J1,ファジアーノ岡山,スベンド・ブローダーセン,ドイツ,28,187cm,84kg,GK,ゴールキーパー
日本,J1,ファジアーノ岡山,立田 悠悟,日本,27,191cm,83kg,DF,ディフェンダー
日本,J1,ファジアーノ岡山,阿部 海大,日本,25,183cm,78kg,DF,ディフェンダー
日本,J1,ファジアーノ岡山,柳 育崇,日本,30,187cm,83kg,DF,ディフェンダー
日本,J1,ファジアーノ岡山,工藤 孝太,日本,21,180cm,72kg,DF,ディフェンダー
日本,J1,ファジアーノ岡山,田上 大地,日本,32,184cm,83kg,DF,ディフェンダー
日本,J1,ファジアーノ岡山,鷲見 星河,日本,22,184cm,80kg,DF,ディフェンダー
日本,J1,ファジアーノ岡山,鈴木 喜丈,日本,26,184cm,78kg,DF,ディフェンダー
日本,J1,ファジアーノ岡山,藤井 海和,日本,22,175cm,72kg,MF,ミッドフィールダー
日本,J1,ファジアーノ岡山,竹内 涼,日本,34,173cm,67kg,MF,ミッドフィールダー
日本,J1,ファジアーノ岡山,末吉 塁,日本,28,170cm,66kg,MF,ミッドフィールダー
日本,J1,ファジアーノ岡山,江坂 任,日本,33,175cm,67kg,MF,ミッドフィールダー
日本,J1,ファジアーノ岡山,藤田 息吹,日本,34,170cm,68kg,MF,ミッドフィールダー
日本,J1,ファジアーノ岡山,家坂 葉光,日本,22,168cm,64kg,MF,ミッドフィールダー
日本,J1,ファジアーノ岡山,木村 太哉,日本,26,174cm,70kg,MF,ミッドフィールダー
日本,J1,ファジアーノ岡山,神谷 優太,日本,28,176cm,69kg,MF,ミッドフィールダー
日本,J1,ファジアーノ岡山,田部井 涼,日本,25,174cm,70kg,MF,ミッドフィールダー
日本,J1,ファジアーノ岡山,輪笠 祐士,日本,29,173cm,67kg,MF,ミッドフィールダー
日本,J1,ファジアーノ岡山,太田 龍之介,日本,22,174cm,70kg,MF,ミッドフィールダー
日本,J1,ファジアーノ岡山,佐藤 龍之介,日本,18,168cm,60kg,MF,ミッドフィールダー
日本,J1,ファジアーノ岡山,ルカオ,ブラジル,29,186cm,82kg,FW,フォワード
日本,J1,ファジアーノ岡山,グレイソン,ブラジル,25,180cm,78kg,FW,フォワード
日本,J1,ファジアーノ岡山,ブラウン ノア 賢信,カナダ,24,188cm,80kg,FW,フォワード
日本,J1,ファジアーノ岡山,齋藤 恵太,日本,32,180cm,75kg,FW,フォワード
日本,J1,ファジアーノ岡山,岩渕 弘人,日本,27,171cm,67kg,FW,フォワード
日本,J1,FC町田ゼルビア,谷 晃生,日本,24,187cm,84kg,GK,ゴールキーパー
日本,J1,FC町田ゼルビア,守田 達弥,日本,34,191cm,90kg,GK,ゴールキーパー
日本,J1,FC町田ゼルビア,カウン・ゼン・マラ,ミャンマー,22,185cm,75kg,GK,ゴールキーパー
日本,J1,FC町田ゼルビア,新井 栄聡,日本,29,188cm,85kg,GK,ゴールキーパー
日本,J1,FC町田ゼルビア,バーンズ・アントン,日本,21,183cm,78kg,GK,ゴールキーパー
日本,J1,FC町田ゼルビア,昌子 源,日本,32,182cm,76kg,DF,ディフェンダー
日本,J1,FC町田ゼルビア,菊池 流帆,日本,28,188cm,84kg,DF,ディフェンダー
日本,J1,FC町田ゼルビア,イブラヒム・ドレシェヴィッチ,コソボ,28,187cm,81kg,DF,ディフェンダー
日本,J1,FC町田ゼルビア,望月 ヘンリー海輝,日本,24,192cm,85kg,DF,ディフェンダー
日本,J1,FC町田ゼルビア,中山 雄太,日本,28,181cm,75kg,DF,ディフェンダー
日本,J1,FC町田ゼルビア,林 幸多郎,日本,24,175cm,71kg,DF,ディフェンダー
日本,J1,FC町田ゼルビア,岡村 大八,日本,28,183cm,80kg,DF,ディフェンダー
日本,J1,FC町田ゼルビア,奈良坂 巧,日本,22,186cm,76kg,DF,ディフェンダー
日本,J1,FC町田ゼルビア,中村 帆高,日本,28,175cm,71kg,DF,ディフェンダー
日本,J1,FC町田ゼルビア,仙頭 啓矢,日本,30,170cm,68kg,MF,ミッドフィールダー
日本,J1,FC町田ゼルビア,前 寛之,日本,29,173cm,70kg,MF,ミッドフィールダー
日本,J1,FC町田ゼルビア,下田 北斗,日本,33,171cm,67kg,MF,ミッドフィールダー
日本,J1,FC町田ゼルビア,白崎 凌兵,日本,32,180cm,70kg,MF,ミッドフィールダー
日本,J1,FC町田ゼルビア,チャ・ジェフン,韓国,19,178cm,70kg,MF,ミッドフィールダー
日本,J1,FC町田ゼルビア,高崎 天史郎,日本,19,173cm,65kg,MF,ミッドフィールダー
日本,J1,FC町田ゼルビア,バスケス・バイロン,チリ,25,177cm,67kg,MF,ミッドフィールダー
日本,J1,FC町田ゼルビア,樋口 堅,日本,22,175cm,70kg,MF,ミッドフィールダー
日本,J1,FC町田ゼルビア,真也加 チュイ 大夢,日本,18,175cm,70kg,MF,ミッドフィールダー
日本,J1,FC町田ゼルビア,髙橋 大悟,日本,26,168cm,62kg,MF,ミッドフィールダー
日本,J1,FC町田ゼルビア,相馬 勇紀,日本,28,166cm,68kg,FW,フォワード
日本,J1,FC町田ゼルビア,藤尾 翔太,日本,24,181cm,73kg,FW,フォワード
日本,J1,FC町田ゼルビア,ナ・サンホ,韓国,28,173cm,70kg,FW,フォワード
日本,J1,FC町田ゼルビア,エリキ,ブラジル,30,168cm,68kg,FW,フォワード
日本,J1,FC町田ゼルビア,ミッチェル・デューク,オーストラリア,34,186cm,84kg,FW,フォワード
日本,J1,FC町田ゼルビア,西村 拓真,日本,28,178cm,75kg,FW,フォワード
日本,J1,FC町田ゼルビア,沼田 駿也,日本,26,169cm,65kg,FW,フォワード
日本,J1,FC町田ゼルビア,中島 裕希,日本,41,179cm,73kg,FW,フォワード
日本,J1,FC町田ゼルビア,桑山 侃士,日本,22,174cm,70kg,FW,フォワード
日本,J1,FC町田ゼルビア,オ・セフン,韓国,26,193cm,87kg,FW,フォワード
日本,J1,名古屋,シュミット・ダニエル,日本,33,197cm,88kg,GK,ゴールキーパー
日本,J1,名古屋,武田 洋平,日本,38,189cm,83kg,GK,ゴールキーパー
日本,J1,名古屋,杉本 大地,日本,31,186cm,80kg,GK,ゴールキーパー
日本,J1,名古屋,ピサノ・アレックス幸冬堀尾,日本,19,191cm,80kg,GK,ゴールキーパー
日本,J1,名古屋,野上 結貴,日本,34,180cm,72kg,DF,ディフェンダー
日本,J1,名古屋,佐藤 瑶大,日本,26,183cm,80kg,DF,ディフェンダー
日本,J1,名古屋,宮 大樹,日本,29,186cm,83kg,DF,ディフェンダー
日本,J1,名古屋,河面 旺成,日本,31,181cm,75kg,DF,ディフェンダー
日本,J1,名古屋,三國 ケネディエブス,日本,25,192cm,82kg,DF,ディフェンダー
日本,J1,名古屋,徳元 悠平,日本,29,170cm,70kg,DF,ディフェンダー
日本,J1,名古屋,原 輝綺,日本,26,180cm,72kg,DF,ディフェンダー
日本,J1,名古屋,和泉 竜司,日本,31,173cm,67kg,MF,ミッドフィールダー
日本,J1,名古屋,椎橋 慧也,日本,28,177cm,70kg,MF,ミッドフィールダー
日本,J1,名古屋,浅野 雄也,日本,28,171cm,67kg,MF,ミッドフィールダー
日本,J1,名古屋,森島 司,日本,28,175cm,67kg,MF,ミッドフィールダー
日本,J1,名古屋,稲垣 祥,日本,33,175cm,72kg,MF,ミッドフィールダー
日本,J1,名古屋,内田 宅哉,日本,27,177cm,71kg,MF,ミッドフィールダー
日本,J1,名古屋,加藤 玄,日本,22,175cm,68kg,MF,ミッドフィールダー
日本,J1,名古屋,中山 克広,日本,28,177cm,73kg,MF,ミッドフィールダー
日本,J1,名古屋,鈴木 陽人,日本,20,173cm,65kg,MF,ミッドフィールダー
日本,J1,名古屋,菊地 泰智,日本,26,161cm,58kg,MF,ミッドフィールダー
日本,J1,名古屋,小野 雅史,日本,28,169cm,64kg,MF,ミッドフィールダー
日本,J1,名古屋,ホセ・カラバリ,エクアドル,28,171cm,70kg,MF,ミッドフィールダー
日本,J1,名古屋,山中 亮輔,日本,32,171cm,65kg,MF,ミッドフィールダー
日本,J1,名古屋,山岸 祐也,日本,31,183cm,80kg,FW,フォワード
日本,J1,名古屋,永井 謙佑,日本,36,177cm,71kg,FW,フォワード
日本,J1,名古屋,榊原 杏太,日本,23,168cm,62kg,FW,フォワード
日本,J1,名古屋,杉浦 駿吾,日本,19,170cm,63kg,FW,フォワード
日本,J1,名古屋,キャスパー・ユンカー,デンマーク,31,185cm,77kg,FW,フォワード
日本,J1,名古屋,アヴェレーテ・イーブス,日本,22,177cm,70kg,FW,フォワード
日本,J1,名古屋,レレ,ブラジル,27,186cm,85kg,FW,フォワード
日本,J1,ガンバ大阪,一森 純,日本,33,182cm,78kg,GK,ゴールキーパー
日本,J1,ガンバ大阪,東口 順昭,日本,39,184cm,82kg,GK,ゴールキーパー
日本,J1,ガンバ大阪,張 奥林,中国,20,195cm,88kg,GK,ゴールキーパー
日本,J1,ガンバ大阪,荒木 瑠偉,日本,18,185cm,80kg,GK,ゴールキーパー
日本,J1,ガンバ大阪,福岡 将太,日本,29,182cm,77kg,DF,ディフェンダー
日本,J1,ガンバ大阪,半田 陸,日本,23,176cm,67kg,DF,ディフェンダー
日本,J1,ガンバ大阪,黒川 圭介,日本,28,173cm,69kg,DF,ディフェンダー
日本,J1,ガンバ大阪,三浦 弦太,日本,30,183cm,77kg,DF,ディフェンダー
日本,J1,ガンバ大阪,坂 圭祐,日本,30,175cm,73kg,DF,ディフェンダー
日本,J1,ガンバ大阪,岸本 武流,日本,28,174cm,68kg,DF,ディフェンダー
日本,J1,ガンバ大阪,中谷 進之介,日本,29,184cm,79kg,DF,ディフェンダー
日本,J1,ガンバ大阪,江川 湧清,日本,25,180cm,75kg,DF,ディフェンダー
日本,J1,ガンバ大阪,ネタ・ラヴィ,イスラエル,28,177cm,73kg,MF,ミッドフィールダー
日本,J1,ガンバ大阪,食野 亮太郎,日本,27,171cm,68kg,MF,ミッドフィールダー
日本,J1,ガンバ大阪,倉田 秋,日本,36,172cm,68kg,MF,ミッドフィールダー
日本,J1,ガンバ大阪,山田 康太,日本,25,175cm,69kg,MF,ミッドフィールダー
日本,J1,ガンバ大阪,鈴木 徳真,日本,28,169cm,64kg,MF,ミッドフィールダー
日本,J1,ガンバ大阪,松田 陸,日本,26,175cm,70kg,MF,ミッドフィールダー
日本,J1,ガンバ大阪,ダワン,ブラジル,28,176cm,78kg,MF,ミッドフィールダー
日本,J1,ガンバ大阪,美藤 倫,日本,23,178cm,70kg,MF,ミッドフィールダー
日本,J1,ガンバ大阪,中村 仁郎,日本,21,167cm,60kg,MF,ミッドフィールダー
日本,J1,ガンバ大阪,ファン・アラーノ,ブラジル,28,171cm,67kg,MF,ミッドフィールダー
日本,J1,ガンバ大阪,石毛 秀樹,日本,30,168cm,66kg,MF,ミッドフィールダー
日本,J1,ガンバ大阪,宇佐美 貴史,日本,33,178cm,72kg,FW,フォワード
日本,J1,ガンバ大阪,イッサム・ジェバリ,チュニジア,33,186cm,82kg,FW,フォワード
日本,J1,ガンバ大阪,山下 諒也,日本,27,164cm,60kg,FW,フォワード
日本,J1,ガンバ大阪,デニス・ヒュメット,トルコ,28,188cm,80kg,FW,フォワード
日本,J1,ガンバ大阪,唐山 翔自,日本,22,178cm,67kg,FW,フォワード
日本,J1,ガンバ大阪,坂本 一彩,日本,21,173cm,66kg,FW,フォワード
日本,J1,ガンバ大阪,南野 遥海,日本,21,175cm,70kg,FW,フォワード
日本,J1,ガンバ大阪,縄田 岳,日本,22,181cm,74kg,FW,フォワード
日本,J1,ガンバ大阪,ウェリントン・シウバ,ブラジル,32,172cm,70kg,FW,フォワード
日本,J1,セレッソ大阪,福井 光輝,日本,29,184cm,78kg,GK,ゴールキーパー
日本,J1,セレッソ大阪,キム ジンヒョン,韓国,37,192cm,82kg,GK,ゴールキーパー
日本,J1,セレッソ大阪,天飛 駿佑,日本,22,187cm,80kg,GK,ゴールキーパー
日本,J1,セレッソ大阪,中村 拓海,日本,24,178cm,69kg,DF,ディフェンダー
日本,J1,セレッソ大阪,進藤 亮佑,日本,29,181cm,75kg,DF,ディフェンダー
日本,J1,セレッソ大阪,登里 享平,日本,34,168cm,68kg,DF,ディフェンダー
日本,J1,セレッソ大阪,舩木 翔,日本,26,177cm,68kg,DF,ディフェンダー
日本,J1,セレッソ大阪,奥田 勇斗,日本,24,179cm,73kg,DF,ディフェンダー
日本,J1,セレッソ大阪,髙橋 仁胡,日本,19,172cm,65kg,DF,ディフェンダー
日本,J1,セレッソ大阪,ディオン・クールズ,マレーシア,29,185cm,79kg,DF,ディフェンダー
日本,J1,セレッソ大阪,西尾 隆矢,日本,24,180cm,75kg,DF,ディフェンダー
日本,J1,セレッソ大阪,畠中 槙之輔,日本,29,184cm,80kg,DF,ディフェンダー
日本,J1,セレッソ大阪,田中 駿汰,日本,28,183cm,73kg,MF,ミッドフィールダー
日本,J1,セレッソ大阪,上門 知樹,日本,28,166cm,64kg,MF,ミッドフィールダー
日本,J1,セレッソ大阪,香川 真司,日本,36,175cm,68kg,MF,ミッドフィールダー
日本,J1,セレッソ大阪,田中 駿匡,日本,26,173cm,68kg,MF,ミッドフィールダー
日本,J1,セレッソ大阪,奥埜 博亮,日本,35,176cm,70kg,MF,ミッドフィールダー
日本,J1,セレッソ大阪,阪田 澪哉,日本,21,170cm,62kg,MF,ミッドフィールダー
日本,J1,セレッソ大阪,平野 佑一,日本,29,175cm,70kg,MF,ミッドフィールダー
日本,J1,セレッソ大阪,西 宏太,日本,23,171cm,65kg,MF,ミッドフィールダー
日本,J1,セレッソ大阪,柴山 昌也,日本,22,161cm,58kg,MF,ミッドフィールダー
日本,J1,セレッソ大阪,ルーカス・フェルナンデス,ブラジル,31,175cm,70kg,MF,ミッドフィールダー
日本,J1,セレッソ大阪,レオ・セアラ,ブラジル,30,178cm,76kg,FW,フォワード
日本,J1,セレッソ大阪,北野 颯太,日本,20,172cm,60kg,FW,フォワード
日本,J1,セレッソ大阪,ジャルンサック・ウォンコーン,タイ,27,166cm,63kg,FW,フォワード
日本,J1,セレッソ大阪,木村 勇大,日本,24,184cm,78kg,FW,フォワード
日本,J1,セレッソ大阪,ジョルディ・クルークス,ベルギー,31,173cm,67kg,FW,フォワード
日本,J1,ヴィッセル神戸,前川 黛也,日本,30,191cm,86kg,GK,ゴールキーパー
日本,J1,ヴィッセル神戸,新井 章太,日本,36,185cm,85kg,GK,ゴールキーパー
日本,J1,ヴィッセル神戸,ウボング リチャード マンデー,ナイジェリア,19,193cm,83kg,GK,ゴールキーパー
日本,J1,ヴィッセル神戸,パウエル オビンナ 帯,日本,27,192cm,87kg,GK,ゴールキーパー
日本,J1,ヴィッセル神戸,亀田 汰一,日本,17,185cm,78kg,GK,ゴールキーパー
日本,J1,ヴィッセル神戸,マテウス トゥーレル,ブラジル,26,186cm,86kg,DF,ディフェンダー
日本,J1,ヴィッセル神戸,山川 哲史,日本,27,186cm,79kg,DF,ディフェンダー
日本,J1,ヴィッセル神戸,本多 勇喜,日本,34,173cm,72kg,DF,ディフェンダー
日本,J1,ヴィッセル神戸,カエターノ,ブラジル,26,182cm,82kg,DF,ディフェンダー
日本,J1,ヴィッセル神戸,廣瀬 陸斗,日本,29,176cm,68kg,DF,ディフェンダー
日本,J1,ヴィッセル神戸,酒井 高徳,日本,34,176cm,74kg,DF,ディフェンダー
日本,J1,ヴィッセル神戸,岩波 拓也,日本,31,186cm,72kg,DF,ディフェンダー
日本,J1,ヴィッセル神戸,永戸 勝也,日本,30,173cm,72kg,DF,ディフェンダー
日本,J1,ヴィッセル神戸,山田 海斗,日本,19,182cm,70kg,DF,ディフェンダー
日本,J1,ヴィッセル神戸,菊池 流帆,日本,28,188cm,80kg,DF,ディフェンダー
日本,J1,ヴィッセル神戸,小池 裕太,日本,28,173cm,68kg,DF,ディフェンダー
日本,J1,ヴィッセル神戸,本山 遥,日本,26,175cm,68kg,DF,ディフェンダー
日本,J1,ヴィッセル神戸,飯野 七聖,日本,28,172cm,64kg,MF,ミッドフィールダー
日本,J1,ヴィッセル神戸,齊藤 未月,日本,26,166cm,66kg,MF,ミッドフィールダー
日本,J1,ヴィッセル神戸,扇原 貴宏,日本,33,185cm,74kg,MF,ミッドフィールダー
日本,J1,ヴィッセル神戸,山口 蛍,日本,34,173cm,72kg,MF,ミッドフィールダー
日本,J1,ヴィッセル神戸,佐々木 大樹,日本,25,180cm,73kg,MF,ミッドフィールダー
日本,J1,ヴィッセル神戸,汰木 康也,日本,29,183cm,70kg,MF,ミッドフィールダー
日本,J1,ヴィッセル神戸,井手口 陽介,日本,28,171cm,71kg,MF,ミッドフィールダー
日本,J1,ヴィッセル神戸,パトリッキ,ブラジル,28,175cm,71kg,MF,ミッドフィールダー
日本,J1,ヴィッセル神戸,橋本 陸斗,日本,20,166cm,60kg,MF,ミッドフィールダー
日本,J1,ヴィッセル神戸,濱﨑 健斗,日本,18,166cm,60kg,MF,ミッドフィールダー
日本,J1,ヴィッセル神戸,宮代 大聖,日本,25,178cm,73kg,FW,フォワード
日本,J1,ヴィッセル神戸,大迫 勇也,日本,35,184cm,75kg,FW,フォワード
日本,J1,ヴィッセル神戸,武藤 嘉紀,日本,32,179cm,72kg,FW,フォワード
日本,J1,ヴィッセル神戸,ジーン パトリッキ,ブラジル,28,175cm,69kg,FW,フォワード
日本,J1,ヴィッセル神戸,エリック,ブラジル,30,170cm,68kg,FW,フォワード
日本,J1,京都サンガ,ク ソンユン,韓国,31,198cm,92kg,GK,ゴールキーパー
日本,J1,京都サンガ,圍 謙太朗,日本,34,188cm,85kg,GK,ゴールキーパー
日本,J1,京都サンガ,本多 敦,日本,17,184cm,78kg,GK,ゴールキーパー
日本,J1,京都サンガ,福田 心之助,日本,24,171cm,65kg,DF,ディフェンダー
日本,J1,京都サンガ,麻田 将吾,日本,27,185cm,78kg,DF,ディフェンダー
日本,J1,京都サンガ,アピアタウィア 久,日本,26,191cm,85kg,DF,ディフェンダー
日本,J1,京都サンガ,永田 倖大,日本,23,179cm,73kg,DF,ディフェンダー
日本,J1,京都サンガ,須貝 英大,日本,26,173cm,67kg,DF,ディフェンダー
日本,J1,京都サンガ,宮本 優太,日本,25,172cm,68kg,DF,ディフェンダー
日本,J1,京都サンガ,鈴木 義宜,日本,32,183cm,78kg,DF,ディフェンダー
日本,J1,京都サンガ,ジョアン ペドロ,ブラジル,30,175cm,70kg,MF,ミッドフィールダー
日本,J1,京都サンガ,川﨑 颯太,日本,23,171cm,69kg,MF,ミッドフィールダー
日本,J1,京都サンガ,米本 拓司,日本,34,177cm,70kg,MF,ミッドフィールダー
日本,J1,京都サンガ,福岡 慎平,日本,24,171cm,65kg,MF,ミッドフィールダー
日本,J1,京都サンガ,武田 将平,日本,31,173cm,67kg,MF,ミッドフィールダー
日本,J1,京都サンガ,松田 天馬,日本,30,165cm,62kg,MF,ミッドフィールダー
日本,J1,京都サンガ,奥川 雅也,日本,29,176cm,66kg,MF,ミッドフィールダー
日本,J1,京都サンガ,平戸 太貴,日本,28,177cm,68kg,MF,ミッドフィールダー
日本,J1,京都サンガ,佐藤 響,日本,25,165cm,60kg,MF,ミッドフィールダー
日本,J1,京都サンガ,中野 瑠馬,日本,24,171cm,65kg,MF,ミッドフィールダー
日本,J1,京都サンガ,尹 星俊,韓国,18,175cm,68kg,MF,ミッドフィールダー
日本,J1,京都サンガ,ラファエル エリアス,ブラジル,26,183cm,78kg,FW,フォワード
日本,J1,京都サンガ,マルコ トゥーリオ,ブラジル,27,177cm,72kg,FW,フォワード
日本,J1,京都サンガ,原 大智,日本,26,191cm,86kg,FW,フォワード
日本,J1,京都サンガ,平賀 大空,日本,20,173cm,65kg,FW,フォワード
日本,J1,京都サンガ,長沢 駿,日本,36,192cm,82kg,FW,フォワード
日本,J1,京都サンガ,ムリロ コスタ,ブラジル,30,168cm,65kg,FW,フォワード
日本,J1,京都サンガ,酒井 滉生,日本,18,180cm,70kg,FW,フォワード
日本,J1,アビスパ福岡,永石 拓海,日本,29,191cm,86kg,GK,ゴールキーパー
日本,J1,アビスパ福岡,小畑 裕馬,日本,23,185cm,82kg,GK,ゴールキーパー
日本,J1,アビスパ福岡,村上 昌謙,日本,32,185cm,86kg,GK,ゴールキーパー
日本,J1,アビスパ福岡,菅沼 一晃,日本,23,185cm,81kg,GK,ゴールキーパー
日本,J1,アビスパ福岡,湯澤 聖人,日本,31,180cm,75kg,DF,ディフェンダー
日本,J1,アビスパ福岡,奈良 竜樹,日本,31,180cm,77kg,DF,ディフェンダー
日本,J1,アビスパ福岡,井上 聖也,日本,25,177cm,70kg,DF,ディフェンダー
日本,J1,アビスパ福岡,上島 拓巳,日本,28,185cm,80kg,DF,ディフェンダー
日本,J1,アビスパ福岡,小田 逸樹,日本,26,173cm,72kg,DF,ディフェンダー
日本,J1,アビスパ福岡,安藤 智哉,日本,26,184cm,73kg,DF,ディフェンダー
日本,J1,アビスパ福岡,前嶋 洋太,日本,27,178cm,67kg,DF,ディフェンダー
日本,J1,アビスパ福岡,田代 雅也,日本,32,186cm,82kg,DF,ディフェンダー
日本,J1,アビスパ福岡,池田 寿希也,日本,19,180cm,71kg,DF,ディフェンダー
日本,J1,アビスパ福岡,橋本 悠,日本,19,189cm,75kg,DF,ディフェンダー
日本,J1,アビスパ福岡,志知 孝明,日本,31,177cm,70kg,DF,ディフェンダー
日本,J1,アビスパ福岡,重見 柾斗,日本,23,174cm,69kg,MF,ミッドフィールダー
日本,J1,アビスパ福岡,金森 健志,日本,31,171cm,69kg,MF,ミッドフィールダー
日本,J1,アビスパ福岡,紺野 和也,日本,28,161cm,58kg,MF,ミッドフィールダー
日本,J1,アビスパ福岡,見木 友哉,日本,27,173cm,66kg,MF,ミッドフィールダー
日本,J1,アビスパ福岡,秋野 央樹,日本,30,176cm,68kg,MF,ミッドフィールダー
日本,J1,アビスパ福岡,中村 駿,日本,31,178cm,72kg,MF,ミッドフィールダー
日本,J1,アビスパ福岡,平塚 大賀,日本,18,176cm,71kg,MF,ミッドフィールダー
日本,J1,アビスパ福岡,佐藤 颯之介,日本,22,172cm,62kg,MF,ミッドフィールダー
日本,J1,アビスパ福岡,松岡 大起,日本,24,171cm,67kg,MF,ミッドフィールダー
日本,J1,アビスパ福岡,臼井 昭成,日本,19,181cm,66kg,FW,フォワード
日本,J1,アビスパ福岡,城後 寿,日本,39,183cm,75kg,FW,フォワード
日本,J1,アビスパ福岡,ナッシム ベン カリファ,スイス,33,183cm,78kg,FW,フォワード
日本,J1,アビスパ福岡,ウェリントン,ブラジル,37,188cm,90kg,FW,フォワード
日本,J1,アビスパ福岡,岩崎 悠人,日本,27,172cm,69kg,FW,フォワード
日本,J1,アビスパ福岡,藤本 一輝,日本,26,180cm,73kg,FW,フォワード
日本,J1,アビスパ福岡,佐藤 凌我,日本,26,178cm,75kg,FW,フォワード
日本,J1,アビスパ福岡,鶴野 怜樹,日本,24,179cm,70kg,FW,フォワード
日本,J1,アビスパ福岡,前田 一花,日本,19,180cm,70kg,FW,フォワード
日本,J1,アビスパ福岡,サニ ブラウン アブデル ハナン,日本,19,180cm,75kg,FW,フォワード
日本,J1,アビスパ福岡,岩永 アルカ,日本,19,183cm,78kg,FW,フォワード
日本,J1,サンフレッチェ広島,大迫 敬介,日本,25,188cm,87kg,GK,ゴールキーパー
日本,J1,サンフレッチェ広島,田中 雄大,日本,29,188cm,80kg,GK,ゴールキーパー
日本,J1,サンフレッチェ広島,川浪 吾郎,日本,34,192cm,84kg,GK,ゴールキーパー
日本,J1,サンフレッチェ広島,チョン ミンギ,韓国,29,191cm,84kg,GK,ゴールキーパー
日本,J1,サンフレッチェ広島,ヒル 袈依廉,日本,22,194cm,86kg,GK,ゴールキーパー
日本,J1,サンフレッチェ広島,山﨑 大地,日本,24,183cm,78kg,DF,ディフェンダー
日本,J1,サンフレッチェ広島,荒木 隼人,日本,28,186cm,77kg,DF,ディフェンダー
日本,J1,サンフレッチェ広島,新井 直人,日本,28,170cm,66kg,DF,ディフェンダー
日本,J1,サンフレッチェ広島,中野 就斗,日本,25,180cm,72kg,DF,ディフェンダー
日本,J1,サンフレッチェ広島,佐々木 翔,日本,35,176cm,70kg,DF,ディフェンダー
日本,J1,サンフレッチェ広島,イヨハ 理 ヘンリー,日本,27,182cm,78kg,DF,ディフェンダー
日本,J1,サンフレッチェ広島,塩谷 司,日本,36,182cm,80kg,DF,ディフェンダー
日本,J1,サンフレッチェ広島,松本 大弥,日本,24,180cm,73kg,MF,ミッドフィールダー
日本,J1,サンフレッチェ広島,川辺 駿,日本,29,178cm,72kg,MF,ミッドフィールダー
日本,J1,サンフレッチェ広島,マルコス ジュニオール,ブラジル,32,167cm,64kg,MF,ミッドフィールダー
日本,J1,サンフレッチェ広島,田中 聡,日本,22,174cm,70kg,MF,ミッドフィールダー
日本,J1,サンフレッチェ広島,菅 大輝,日本,26,171cm,69kg,MF,ミッドフィールダー
日本,J1,サンフレッチェ広島,井上 潮音,日本,27,167cm,63kg,MF,ミッドフィールダー
日本,J1,サンフレッチェ広島,東 俊希,日本,24,180cm,70kg,MF,ミッドフィールダー
日本,J1,サンフレッチェ広島,茶島 雄介,日本,34,166cm,60kg,MF,ミッドフィールダー
日本,J1,サンフレッチェ広島,トルガイ アルスラン,ドイツ,34,174cm,74kg,MF,ミッドフィールダー
日本,J1,サンフレッチェ広島,越道 草太,日本,21,175cm,68kg,MF,ミッドフィールダー
日本,J1,サンフレッチェ広島,中島 洋太朗,日本,19,172cm,68kg,MF,ミッドフィールダー
日本,J1,サンフレッチェ広島,小原 基樹,日本,25,170cm,66kg,MF,ミッドフィールダー
日本,J1,サンフレッチェ広島,仙波 大志,日本,25,165cm,60kg,MF,ミッドフィールダー
日本,J1,サンフレッチェ広島,ジャーメイン 良,日本,30,182cm,75kg,FW,フォワード
日本,J1,サンフレッチェ広島,満田 誠,日本,25,170cm,66kg,FW,フォワード
日本,J1,サンフレッチェ広島,木下 康介,日本,30,188cm,72kg,FW,フォワード
日本,J1,サンフレッチェ広島,井上 愛簾,日本,18,177cm,69kg,FW,フォワード
日本,J1,サンフレッチェ広島,中村 草太,日本,22,168cm,64kg,FW,フォワード
日本,J1,サンフレッチェ広島,前田 直輝,日本,30,175cm,66kg,FW,フォワード
日本,J1,サンフレッチェ広島,加藤 陸次樹,日本,27,178cm,69kg,FW,フォワード
日本,J1,サンフレッチェ広島,ヴァレール ジェルマン,フランス,35,180cm,73kg,FW,フォワード
日本,J1,清水エスパルス,沖 悠哉,日本,25,186cm,83kg,GK,ゴールキーパー
日本,J1,清水エスパルス,梅田 透吾,日本,24,184cm,79kg,GK,ゴールキーパー
日本,J1,清水エスパルス,阿部 諒弥,日本,24,193cm,75kg,GK,ゴールキーパー
日本,J1,清水エスパルス,佐々木 智太郎,日本,18,188cm,75kg,GK,ゴールキーパー
日本,J1,清水エスパルス,猪越 優惟,日本,24,185cm,81kg,GK,ゴールキーパー
日本,J1,清水エスパルス,高橋 祐治,日本,32,187cm,80kg,DF,ディフェンダー
日本,J1,清水エスパルス,蓮川 壮大,日本,27,182cm,82kg,DF,ディフェンダー
日本,J1,清水エスパルス,北爪 健吾,日本,33,177cm,73kg,DF,ディフェンダー
日本,J1,清水エスパルス,山原 怜音,日本,26,165cm,66kg,DF,ディフェンダー
日本,J1,清水エスパルス,監物 拓歩,日本,25,188cm,83kg,DF,ディフェンダー
日本,J1,清水エスパルス,マテウス ブルネッティ,ブラジル,26,187cm,83kg,DF,ディフェンダー
日本,J1,清水エスパルス,吉田 豊,日本,35,167cm,72kg,DF,ディフェンダー
日本,J1,清水エスパルス,日髙 華杜,日本,22,176cm,72kg,DF,ディフェンダー
日本,J1,清水エスパルス,羽田 健人,日本,27,185cm,80kg,DF,ディフェンダー
日本,J1,清水エスパルス,岩永 京剛,日本,18,181cm,75kg,DF,ディフェンダー
日本,J1,清水エスパルス,岩尾 健琉,日本,18,179cm,71kg,DF,ディフェンダー
日本,J1,清水エスパルス,住吉 ジェラニレショーン,日本,27,183cm,84kg,DF,ディフェンダー
日本,J1,清水エスパルス,高木 践,日本,23,173cm,70kg,DF,ディフェンダー
日本,J1,清水エスパルス,宮本 航汰,日本,29,177cm,73kg,MF,ミッドフィールダー
日本,J1,清水エスパルス,カピシャーバ,ブラジル,28,170cm,64kg,MF,ミッドフィールダー
日本,J1,清水エスパルス,小塚 和季,日本,30,173cm,68kg,MF,ミッドフィールダー
日本,J1,清水エスパルス,中原 輝,日本,28,169cm,66kg,MF,ミッドフィールダー
日本,J1,清水エスパルス,弓場 将輝,日本,23,175cm,69kg,MF,ミッドフィールダー
日本,J1,清水エスパルス,松崎 快,日本,27,172cm,70kg,MF,ミッドフィールダー
日本,J1,清水エスパルス,矢島 慎也,日本,31,174cm,70kg,MF,ミッドフィールダー
日本,J1,清水エスパルス,乾 貴士,日本,37,169cm,63kg,MF,ミッドフィールダー
日本,J1,清水エスパルス,宇野 禅斗,日本,21,176cm,75kg,MF,ミッドフィールダー
日本,J1,清水エスパルス,大畑 凜生,日本,22,173cm,68kg,MF,ミッドフィールダー
日本,J1,清水エスパルス,土居 佑至,日本,18,172cm,65kg,MF,ミッドフィールダー
日本,J1,清水エスパルス,針生 涼太,日本,18,173cm,64kg,MF,ミッドフィールダー
日本,J1,清水エスパルス,嶋本 悠大,日本,18,180cm,69kg,MF,ミッドフィールダー
日本,J1,清水エスパルス,小竹 知恩,日本,19,181cm,80kg,MF,ミッドフィールダー
日本,J1,清水エスパルス,西原 源樹,日本,18,180cm,70kg,MF,ミッドフィールダー
日本,J1,清水エスパルス,マテウス ブエノ,ブラジル,26,178cm,79kg,MF,ミッドフィールダー
日本,J1,清水エスパルス,齊藤 聖七,日本,24,171cm,66kg,FW,フォワード
日本,J1,清水エスパルス,北川 航也,日本,28,180cm,74kg,FW,フォワード
日本,J1,清水エスパルス,郡司 璃来,日本,19,176cm,72kg,FW,フォワード
日本,J1,清水エスパルス,ドウグラス タンキ,ブラジル,31,188cm,92kg,FW,フォワード
日本,J1,アルビレックス新潟,藤田 和輝,日本,24,186cm,85kg,GK,ゴールキーパー
日本,J1,アルビレックス新潟,田代 琉我,日本,26,183cm,80kg,GK,ゴールキーパー
日本,J1,アルビレックス新潟,吉満 大介,日本,32,183cm,80kg,GK,ゴールキーパー
日本,J1,アルビレックス新潟,内山 翔太,日本,18,187cm,80kg,GK,ゴールキーパー
日本,J1,アルビレックス新潟,ジェイソン ゲリア,オーストラリア,32,171cm,70kg,DF,ディフェンダー
日本,J1,アルビレックス新潟,稲村 隼翔,日本,23,184cm,80kg,DF,ディフェンダー
日本,J1,アルビレックス新潟,岡本 將成,日本,25,188cm,80kg,DF,ディフェンダー
日本,J1,アルビレックス新潟,舞行龍ジェームズ,日本,36,182cm,80kg,DF,ディフェンダー
日本,J1,アルビレックス新潟,早川 史哉,日本,31,173cm,67kg,DF,ディフェンダー
日本,J1,アルビレックス新潟,堀米 悠斗,日本,30,168cm,65kg,DF,ディフェンダー
日本,J1,アルビレックス新潟,千葉 和彦,日本,40,183cm,77kg,DF,ディフェンダー
日本,J1,アルビレックス新潟,森 昂大,日本,23,182cm,78kg,DF,ディフェンダー
日本,J1,アルビレックス新潟,橋本 健人,日本,25,178cm,70kg,DF,ディフェンダー
日本,J1,アルビレックス新潟,秋山 裕紀,日本,24,173cm,68kg,MF,ミッドフィールダー
日本,J1,アルビレックス新潟,宮本 英治,日本,26,178cm,71kg,MF,ミッドフィールダー
日本,J1,アルビレックス新潟,ダニーロ ゴメス,ブラジル,26,176cm,70kg,MF,ミッドフィールダー
日本,J1,アルビレックス新潟,落合 陸,日本,26,177cm,67kg,MF,ミッドフィールダー
日本,J1,アルビレックス新潟,星 雄次,日本,32,170cm,65kg,MF,ミッドフィールダー
日本,J1,アルビレックス新潟,ミゲル シルヴェイラ,ブラジル,22,178cm,70kg,MF,ミッドフィールダー
日本,J1,アルビレックス新潟,新井 泰貴,日本,28,175cm,70kg,MF,ミッドフィールダー
日本,J1,アルビレックス新潟,藤原 奏哉,日本,29,170cm,67kg,MF,ミッドフィールダー
日本,J1,アルビレックス新潟,奥村 仁,日本,24,167cm,61kg,MF,ミッドフィールダー
日本,J1,アルビレックス新潟,高木 善朗,日本,32,170cm,65kg,MF,ミッドフィールダー
日本,J1,アルビレックス新潟,長谷川 元希,日本,26,178cm,70kg,MF,ミッドフィールダー
日本,J1,アルビレックス新潟,笠井 佳祐,日本,22,172cm,68kg,MF,ミッドフィールダー
日本,J1,アルビレックス新潟,大竹 優心,日本,19,165cm,60kg,MF,ミッドフィールダー
日本,J1,アルビレックス新潟,谷口 海斗,日本,29,177cm,70kg,FW,フォワード
日本,J1,アルビレックス新潟,矢村 健,日本,28,168cm,66kg,FW,フォワード
日本,J1,アルビレックス新潟,小見 洋太,日本,22,169cm,64kg,FW,フォワード
日本,J1,アルビレックス新潟,若月 大和,日本,23,170cm,62kg,FW,フォワード
日本,J1,アルビレックス新潟,太田 修介,日本,29,178cm,70kg,FW,フォワード
日本,J1,アルビレックス新潟,小野 裕二,日本,32,170cm,69kg,FW,フォワード
日本,J2,ジェフユナイテッド市原・千葉,薄井 覇斗,日本,25,185cm,80kg,GK,ゴールキーパー
日本,J2,ジェフユナイテッド市原・千葉,鈴木 椋大,日本,31,191cm,91kg,GK,ゴールキーパー
日本,J2,ジェフユナイテッド市原・千葉,岡本 享也,日本,30,183cm,78kg,GK,ゴールキーパー
日本,J2,ジェフユナイテッド市原・千葉,若原 智哉,日本,25,185cm,78kg,GK,ゴールキーパー
日本,J2,ジェフユナイテッド市原・千葉,久保庭 良太,日本,23,181cm,78kg,DF,ディフェンダー
日本,J2,ジェフユナイテッド市原・千葉,米倉 恒貴,日本,37,177cm,73kg,DF,ディフェンダー
日本,J2,ジェフユナイテッド市原・千葉,鈴木 大輔,日本,35,182cm,78kg,DF,ディフェンダー
日本,J2,ジェフユナイテッド市原・千葉,前 貴之,日本,31,178cm,71kg,DF,ディフェンダー
日本,J2,ジェフユナイテッド市原・千葉,鳥海 晃司,日本,30,181cm,71kg,DF,ディフェンダー
日本,J2,ジェフユナイテッド市原・千葉,植田 悠太,日本,20,175cm,68kg,DF,ディフェンダー
日本,J2,ジェフユナイテッド市原・千葉,河野 貴志,日本,29,178cm,70kg,DF,ディフェンダー
日本,J2,ジェフユナイテッド市原・千葉,松田 陸,日本,26,177cm,75kg,DF,ディフェンダー
日本,J2,ジェフユナイテッド市原・千葉,谷田 壮志朗,日本,19,183cm,75kg,DF,ディフェンダー
日本,J2,ジェフユナイテッド市原・千葉,髙橋 壱晟,日本,27,180cm,70kg,MF,ミッドフィールダー
日本,J2,ジェフユナイテッド市原・千葉,田口 泰士,日本,34,176cm,70kg,MF,ミッドフィールダー
日本,J2,ジェフユナイテッド市原・千葉,小林 祐介,日本,30,172cm,68kg,MF,ミッドフィールダー
日本,J2,ジェフユナイテッド市原・千葉,エドゥアルド,ブラジル,28,185cm,80kg,MF,ミッドフィールダー
日本,J2,ジェフユナイテッド市原・千葉,風間 宏矢,日本,32,180cm,70kg,MF,ミッドフィールダー
日本,J2,ジェフユナイテッド市原・千葉,横山 暁之,日本,28,179cm,71kg,MF,ミッドフィールダー
日本,J2,ジェフユナイテッド市原・千葉,椿 直起,日本,25,172cm,65kg,MF,ミッドフィールダー
日本,J2,ジェフユナイテッド市原・千葉,杉山 直宏,日本,26,168cm,64kg,MF,ミッドフィールダー
日本,J2,ジェフユナイテッド市原・千葉,安井 拓也,日本,26,174cm,66kg,MF,ミッドフィールダー
日本,J2,ジェフユナイテッド市原・千葉,岩井 琢朗,日本,22,170cm,63kg,MF,ミッドフィールダー
日本,J2,ジェフユナイテッド市原・千葉,猪狩 祐真,日本,22,174cm,65kg,MF,ミッドフィールダー
日本,J2,ジェフユナイテッド市原・千葉,吉田 源太郎,日本,24,170cm,63kg,MF,ミッドフィールダー
日本,J2,ジェフユナイテッド市原・千葉,品田 愛斗,日本,25,178cm,69kg,MF,ミッドフィールダー
日本,J2,ジェフユナイテッド市原・千葉,日高 大,日本,30,173cm,68kg,MF,ミッドフィールダー
日本,J2,ジェフユナイテッド市原・千葉,田中 和樹,日本,25,172cm,68kg,FW,フォワード
日本,J2,ジェフユナイテッド市原・千葉,呉屋 大翔,日本,31,177cm,70kg,FW,フォワード
日本,J2,ジェフユナイテッド市原・千葉,林 誠道,日本,29,178cm,70kg,FW,フォワード
日本,J2,ジェフユナイテッド市原・千葉,石川 大地,日本,29,181cm,80kg,FW,フォワード
日本,J2,ジェフユナイテッド市原・千葉,デリキ,ブラジル,27,185cm,85kg,FW,フォワード
日本,J2,RB大宮アルディージャ,笠原 昂史,日本,36,191cm,91kg,GK,ゴールキーパー
日本,J2,RB大宮アルディージャ,加藤 有輝,日本,28,189cm,83kg,GK,ゴールキーパー
日本,J2,RB大宮アルディージャ,志村 滉,日本,29,180cm,78kg,GK,ゴールキーパー
日本,J2,RB大宮アルディージャ,坪井 湧也,日本,25,183cm,79kg,GK,ゴールキーパー
日本,J2,RB大宮アルディージャ,市原 吏音,日本,19,183cm,80kg,DF,ディフェンダー
日本,J2,RB大宮アルディージャ,浦上 仁騎,日本,28,182cm,78kg,DF,ディフェンダー
日本,J2,RB大宮アルディージャ,イヨハ 理 ヘンリー,日本,27,181cm,78kg,DF,ディフェンダー
日本,J2,RB大宮アルディージャ,安光 将作,アメリカ,25,170cm,67kg,DF,ディフェンダー
日本,J2,RB大宮アルディージャ,下口 稚葉,日本,27,180cm,75kg,DF,ディフェンダー
日本,J2,RB大宮アルディージャ,茂木 力也,日本,28,174cm,72kg,DF,ディフェンダー
日本,J2,RB大宮アルディージャ,濱田 水輝,アメリカ,35,185cm,80kg,DF,ディフェンダー
日本,J2,RB大宮アルディージャ,村上 陽介,日本,23,178cm,75kg,DF,ディフェンダー
日本,J2,RB大宮アルディージャ,関口 凱心,日本,23,175cm,72kg,DF,ディフェンダー
日本,J2,RB大宮アルディージャ,福井 啓太,日本,23,177cm,75kg,DF,ディフェンダー
日本,J2,RB大宮アルディージャ,ガブリエウ,ブラジル,30,183cm,80kg,DF,ディフェンダー
日本,J2,RB大宮アルディージャ,石川 俊輝,日本,33,178cm,73kg,MF,ミッドフィールダー
日本,J2,RB大宮アルディージャ,小島 幹敏,日本,28,177cm,68kg,MF,ミッドフィールダー
日本,J2,RB大宮アルディージャ,泉 柊椰,日本,24,174cm,67kg,MF,ミッドフィールダー
日本,J2,RB大宮アルディージャ,中山 昂大,日本,22,176cm,68kg,MF,ミッドフィールダー
日本,J2,RB大宮アルディージャ,中野 克哉,日本,28,168cm,65kg,MF,ミッドフィールダー
日本,J2,RB大宮アルディージャ,津久井 匠海,日本,23,178cm,70kg,MF,ミッドフィールダー
日本,J2,RB大宮アルディージャ,アルトゥール シルバ,ブラジル,30,177cm,70kg,MF,ミッドフィールダー
日本,J2,RB大宮アルディージャ,阿部 来誠,日本,20,170cm,65kg,MF,ミッドフィールダー
日本,J2,RB大宮アルディージャ,和田 拓也,日本,34,170cm,68kg,MF,ミッドフィールダー
日本,J2,RB大宮アルディージャ,谷内田 哲平,日本,23,170cm,65kg,MF,ミッドフィールダー
日本,J2,RB大宮アルディージャ,ファビアン ゴンザレス,コロンビア,32,187cm,80kg,FW,フォワード
日本,J2,RB大宮アルディージャ,豊川 雄太,日本,30,173cm,65kg,FW,フォワード
日本,J2,RB大宮アルディージャ,杉本 健勇,日本,32,187cm,79kg,FW,フォワード
日本,J2,RB大宮アルディージャ,富山 貴光,日本,34,180cm,75kg,FW,フォワード
日本,J2,RB大宮アルディージャ,カプリーニ,ブラジル,27,175cm,68kg,FW,フォワード
日本,J2,RB大宮アルディージャ,藤井 一志,日本,23,173cm,68kg,FW,フォワード
日本,J2,RB大宮アルディージャ,磯﨑 麻玖,日本,19,178cm,70kg,FW,フォワード
日本,J2,RB大宮アルディージャ,オリオラ サンデー,ナイジェリア,22,187cm,80kg,FW,フォワード
日本,J2,V・ファーレン長崎,富澤 雅也,日本,31,188cm,76kg,GK,ゴールキーパー
日本,J2,V・ファーレン長崎,後藤 雅明,日本,31,191cm,86kg,GK,ゴールキーパー
日本,J2,V・ファーレン長崎,井岡 海都,日本,27,185cm,80kg,GK,ゴールキーパー
日本,J2,V・ファーレン長崎,原田 岳,日本,27,187cm,83kg,GK,ゴールキーパー
日本,J2,V・ファーレン長崎,飯尾 竜太朗,日本,34,179cm,73kg,DF,ディフェンダー
日本,J2,V・ファーレン長崎,関口 正大,日本,27,169cm,66kg,DF,ディフェンダー
日本,J2,V・ファーレン長崎,エドゥアルド,ブラジル,32,185cm,86kg,DF,ディフェンダー
日本,J2,V・ファーレン長崎,岡野 洵,日本,27,185cm,78kg,DF,ディフェンダー
日本,J2,V・ファーレン長崎,高畑 奎汰,日本,24,176cm,71kg,DF,ディフェンダー
日本,J2,V・ファーレン長崎,米田 隼也,日本,29,170cm,65kg,DF,ディフェンダー
日本,J2,V・ファーレン長崎,櫛引 一紀,日本,32,180cm,75kg,DF,ディフェンダー
日本,J2,V・ファーレン長崎,新井 一耀,日本,31,186cm,78kg,DF,ディフェンダー
日本,J2,V・ファーレン長崎,田所 莉旺,日本,19,178cm,73kg,DF,ディフェンダー
日本,J2,V・ファーレン長崎,江川 湧清,日本,24,178cm,70kg,DF,ディフェンダー
日本,J2,V・ファーレン長崎,照山 颯人,日本,24,183cm,78kg,DF,ディフェンダー
日本,J2,V・ファーレン長崎,山口 蛍,日本,34,173cm,72kg,MF,ミッドフィールダー
日本,J2,V・ファーレン長崎,安部 大晴,日本,21,173cm,65kg,MF,ミッドフィールダー
日本,J2,V・ファーレン長崎,マルコス ギリェルメ,ブラジル,29,170cm,64kg,MF,ミッドフィールダー
日本,J2,V・ファーレン長崎,増山 朝陽,日本,28,173cm,71kg,MF,ミッドフィールダー
日本,J2,V・ファーレン長崎,マテウス ジェズス,ブラジル,28,187cm,90kg,MF,ミッドフィールダー
日本,J2,V・ファーレン長崎,加藤 大,日本,34,174cm,70kg,MF,ミッドフィールダー
日本,J2,V・ファーレン長崎,名倉 巧,日本,27,168cm,63kg,MF,ミッドフィールダー
日本,J2,V・ファーレン長崎,エメルソン,ブラジル,25,178cm,75kg,MF,ミッドフィールダー
日本,J2,V・ファーレン長崎,澤田 崇,日本,34,166cm,62kg,MF,ミッドフィールダー
日本,J2,V・ファーレン長崎,中村 慶太,日本,32,178cm,70kg,MF,ミッドフィールダー
日本,J2,V・ファーレン長崎,西村 蓮音,日本,20,175cm,68kg,MF,ミッドフィールダー
日本,J2,V・ファーレン長崎,山田 陸,日本,27,175cm,69kg,MF,ミッドフィールダー
日本,J2,V・ファーレン長崎,笠柳 翼,日本,22,173cm,67kg,MF,ミッドフィールダー
日本,J2,V・ファーレン長崎,松本 天夢,日本,22,180cm,72kg,MF,ミッドフィールダー
日本,J2,V・ファーレン長崎,齋藤 遼太,日本,23,172cm,67kg,MF,ミッドフィールダー
日本,J2,V・ファーレン長崎,青木 俊輔,日本,22,170cm,64kg,MF,ミッドフィールダー
日本,J2,V・ファーレン長崎,フアンマ デルガド,スペイン,34,188cm,85kg,FW,フォワード
日本,J2,V・ファーレン長崎,エジガル ジュニオ,ブラジル,34,182cm,78kg,FW,フォワード
日本,J2,V・ファーレン長崎,山﨑 凌吾,日本,32,187cm,80kg,FW,フォワード
日本,J2,V・ファーレン長崎,七牟禮 蒼杜,日本,19,183cm,72kg,FW,フォワード
日本,J2,水戸ホーリーホック,松原 修平,日本,32,185cm,87kg,GK,ゴールキーパー
日本,J2,水戸ホーリーホック,松山 健太,日本,26,189cm,82kg,GK,ゴールキーパー
日本,J2,水戸ホーリーホック,春名 竜聖,日本,23,183cm,78kg,GK,ゴールキーパー
日本,J2,水戸ホーリーホック,早川 ウワブライト,ナイジェリア,19,190cm,85kg,GK,ゴールキーパー
日本,J2,水戸ホーリーホック,飯泉 涼矢,日本,29,183cm,78kg,DF,ディフェンダー
日本,J2,水戸ホーリーホック,牛澤 健,日本,24,181cm,78kg,DF,ディフェンダー
日本,J2,水戸ホーリーホック,知念 哲矢,日本,27,178cm,73kg,DF,ディフェンダー
日本,J2,水戸ホーリーホック,飯田 貴敬,日本,30,178cm,70kg,DF,ディフェンダー
日本,J2,水戸ホーリーホック,大崎 航詩,日本,27,175cm,72kg,DF,ディフェンダー
日本,J2,水戸ホーリーホック,村田 航一,日本,28,176cm,70kg,DF,ディフェンダー
日本,J2,水戸ホーリーホック,沖田 空,日本,22,180cm,75kg,DF,ディフェンダー
日本,J2,水戸ホーリーホック,内田 優晟,日本,21,180cm,73kg,DF,ディフェンダー
日本,J2,水戸ホーリーホック,長尾 優斗,日本,23,170cm,63kg,DF,ディフェンダー
日本,J2,水戸ホーリーホック,大森 渚生,日本,26,170cm,67kg,DF,ディフェンダー
日本,J2,水戸ホーリーホック,尾野 優日,日本,22,176cm,70kg,DF,ディフェンダー
日本,J2,水戸ホーリーホック,芦部 晃生,日本,24,181cm,75kg,DF,ディフェンダー
日本,J2,水戸ホーリーホック,野瀬 龍世,日本,24,170cm,66kg,MF,ミッドフィールダー
日本,J2,水戸ホーリーホック,前田 椋介,日本,27,171cm,67kg,MF,ミッドフィールダー
日本,J2,水戸ホーリーホック,杉浦 文哉,日本,26,167cm,63kg,MF,ミッドフィールダー
日本,J2,水戸ホーリーホック,新井 泰貴,日本,27,176cm,72kg,MF,ミッドフィールダー
日本,J2,水戸ホーリーホック,石井 隼太,日本,24,175cm,68kg,MF,ミッドフィールダー
日本,J2,水戸ホーリーホック,甲田 英將,日本,21,167cm,61kg,MF,ミッドフィールダー
日本,J2,水戸ホーリーホック,川上 航立,日本,22,170cm,65kg,MF,ミッドフィールダー
日本,J2,水戸ホーリーホック,碇 明日麻,日本,20,175cm,70kg,MF,ミッドフィールダー
日本,J2,水戸ホーリーホック,中村 祐基,日本,23,172cm,68kg,MF,ミッドフィールダー
日本,J2,水戸ホーリーホック,山本 隼大,日本,21,173cm,67kg,MF,ミッドフィールダー
日本,J2,水戸ホーリーホック,嵯峨 康太,日本,22,180cm,75kg,MF,ミッドフィールダー
日本,J2,水戸ホーリーホック,渡邉 新太,日本,29,171cm,68kg,FW,フォワード
日本,J2,水戸ホーリーホック,安藤 瑞季,日本,26,175cm,78kg,FW,フォワード
日本,J2,水戸ホーリーホック,草野 侑己,日本,28,175cm,70kg,FW,フォワード
日本,J2,水戸ホーリーホック,梅田 魁人,日本,28,175cm,73kg,FW,フォワード
日本,J2,水戸ホーリーホック,久保 征一郎,日本,24,187cm,77kg,FW,フォワード
日本,J2,水戸ホーリーホック,寺沼 星文,日本,24,184cm,78kg,FW,フォワード
日本,J2,水戸ホーリーホック,山﨑 希一,日本,28,178cm,73kg,FW,フォワード
日本,J2,水戸ホーリーホック,鷹啄 トラビス,日本,20,183cm,72kg,FW,フォワード
日本,J2,水戸ホーリーホック,得能 草生,日本,24,180cm,75kg,FW,フォワード
日本,J2,水戸ホーリーホック,吉田 賢太郎,日本,25,183cm,77kg,FW,フォワード
日本,J2,ベガルタ仙台,堀田 大暉,日本,30,183cm,81kg,GK,ゴールキーパー
日本,J2,ベガルタ仙台,梅田 陸空,日本,24,187cm,83kg,GK,ゴールキーパー
日本,J2,ベガルタ仙台,松澤 香輝,日本,33,183cm,82kg,GK,ゴールキーパー
日本,J2,ベガルタ仙台,林 彰洋,日本,38,195cm,89kg,GK,ゴールキーパー
日本,J2,ベガルタ仙台,髙田 椋汰,日本,25,173cm,72kg,DF,ディフェンダー
日本,J2,ベガルタ仙台,奥山 政幸,日本,31,173cm,70kg,DF,ディフェンダー
日本,J2,ベガルタ仙台,菅田 真啓,日本,28,183cm,76kg,DF,ディフェンダー
日本,J2,ベガルタ仙台,實藤 友紀,日本,36,179cm,72kg,DF,ディフェンダー
日本,J2,ベガルタ仙台,マテウス モラエス,ブラジル,24,188cm,74kg,DF,ディフェンダー
日本,J2,ベガルタ仙台,真瀬 拓海,日本,27,175cm,70kg,DF,ディフェンダー
日本,J2,ベガルタ仙台,石尾 陸登,日本,23,181cm,72kg,DF,ディフェンダー
日本,J2,ベガルタ仙台,石井 隼太,日本,23,173cm,70kg,DF,ディフェンダー
日本,J2,ベガルタ仙台,井上 詩音,日本,25,184cm,77kg,DF,ディフェンダー
日本,J2,ベガルタ仙台,湯谷 杏吏,日本,22,175cm,68kg,MF,ミッドフィールダー
日本,J2,ベガルタ仙台,松井 蓮之,日本,25,174cm,70kg,MF,ミッドフィールダー
日本,J2,ベガルタ仙台,武田 英寿,日本,23,178cm,68kg,MF,ミッドフィールダー
日本,J2,ベガルタ仙台,鎌田 大夢,日本,24,168cm,64kg,MF,ミッドフィールダー
日本,J2,ベガルタ仙台,郷家 友太,日本,26,183cm,73kg,MF,ミッドフィールダー
日本,J2,ベガルタ仙台,相良 竜之介,日本,22,173cm,63kg,MF,ミッドフィールダー
日本,J2,ベガルタ仙台,南 創太,日本,19,170cm,63kg,MF,ミッドフィールダー
日本,J2,ベガルタ仙台,工藤 蒼生,日本,25,175cm,73kg,MF,ミッドフィールダー
日本,J2,ベガルタ仙台,有田 恵人,日本,23,178cm,72kg,MF,ミッドフィールダー
日本,J2,ベガルタ仙台,名願 斗哉,日本,21,178cm,66kg,MF,ミッドフィールダー
日本,J2,ベガルタ仙台,横山 颯大,日本,19,173cm,67kg,MF,ミッドフィールダー
日本,J2,ベガルタ仙台,オナイウ 情滋,日本,24,170cm,68kg,MF,ミッドフィールダー
日本,J2,ベガルタ仙台,エロン,ブラジル,26,180cm,80kg,FW,フォワード
日本,J2,ベガルタ仙台,梅木 翼,日本,26,183cm,78kg,FW,フォワード
日本,J2,ベガルタ仙台,グスタボ,ブラジル,29,189cm,83kg,FW,フォワード
日本,J2,ベガルタ仙台,西丸 道人,日本,20,183cm,73kg,FW,フォワード
日本,J2,ベガルタ仙台,安野 匠,日本,19,175cm,68kg,FW,フォワード
日本,J2,ベガルタ仙台,荒木 駿太,日本,25,170cm,64kg,FW,フォワード
日本,J2,ベガルタ仙台,中田 有祐,日本,21,177cm,75kg,FW,フォワード
日本,J2,ベガルタ仙台,小林 心,日本,24,177cm,70kg,FW,フォワード
日本,J2,ベガルタ仙台,宮崎 鴻,日本,25,183cm,80kg,FW,フォワード
日本,J2,ベガルタ仙台,渡邊 航聖,日本,17,180cm,72kg,GK,ゴールキーパー
日本,J2,ベガルタ仙台,笛田 征衞門,日本,17,179cm,84kg,GK,ゴールキーパー
日本,J2,大分トリニータ,ムン キョンゴン,大韓民国,30,187cm,82kg,GK,ゴールキーパー
日本,J2,大分トリニータ,佐藤 隼,日本,28,186cm,80kg,GK,ゴールキーパー
日本,J2,大分トリニータ,濵田 太郎,日本,25,185cm,78kg,GK,ゴールキーパー
日本,J2,大分トリニータ,古野 優斗,日本,18,185cm,77kg,GK,ゴールキーパー
日本,J2,大分トリニータ,香川 勇気,日本,33,178cm,76kg,DF,ディフェンダー
日本,J2,大分トリニータ,デルラン,ブラジル,29,183cm,78kg,DF,ディフェンダー
日本,J2,大分トリニータ,薩川 淳貴,日本,27,174cm,70kg,DF,ディフェンダー
日本,J2,大分トリニータ,松尾 勇佑,日本,25,170cm,66kg,DF,ディフェンダー
日本,J2,大分トリニータ,戸根 一誓,日本,29,183cm,80kg,DF,ディフェンダー
日本,J2,大分トリニータ,ペレイラ,ブラジル,28,189cm,88kg,DF,ディフェンダー
日本,J2,大分トリニータ,宮川 歩己,日本,22,176cm,70kg,DF,ディフェンダー
日本,J2,大分トリニータ,藤原 優大,日本,23,180cm,72kg,DF,ディフェンダー
日本,J2,大分トリニータ,吉田 真那斗,日本,23,173cm,70kg,DF,ディフェンダー
日本,J2,大分トリニータ,中川 寛斗,日本,30,155cm,57kg,MF,ミッドフィールダー
日本,J2,大分トリニータ,野村 直輝,日本,34,168cm,62kg,MF,ミッドフィールダー
日本,J2,大分トリニータ,池田 廉,日本,27,174cm,67kg,MF,ミッドフィールダー
日本,J2,大分トリニータ,茂 平,日本,32,176cm,70kg,MF,ミッドフィールダー
日本,J2,大分トリニータ,野嶽 惇也,日本,30,176cm,68kg,MF,ミッドフィールダー
日本,J2,大分トリニータ,小酒井 新大,日本,23,171cm,65kg,MF,ミッドフィールダー
日本,J2,大分トリニータ,榊原 彗悟,日本,24,172cm,64kg,MF,ミッドフィールダー
日本,J2,大分トリニータ,清武 弘嗣,日本,35,172cm,66kg,MF,ミッドフィールダー
日本,J2,大分トリニータ,佐藤 丈晟,日本,20,170cm,60kg,MF,ミッドフィールダー
日本,J2,大分トリニータ,松岡 颯人,日本,20,168cm,63kg,MF,ミッドフィールダー
日本,J2,大分トリニータ,天笠 泰輝,日本,25,177cm,70kg,MF,ミッドフィールダー
日本,J2,大分トリニータ,有馬 幸太郎,日本,24,181cm,70kg,FW,フォワード
日本,J2,大分トリニータ,グレイソン,ブラジル,28,185cm,79kg,FW,フォワード
日本,J2,大分トリニータ,伊佐 耕平,日本,33,174cm,77kg,FW,フォワード
日本,J2,大分トリニータ,屋敷 優成,日本,21,168cm,64kg,FW,フォワード
日本,J2,大分トリニータ,木許 太賀,日本,20,165cm,62kg,FW,フォワード
日本,J2,大分トリニータ,鮎川 峻,日本,23,164cm,60kg,FW,フォワード
日本,J2,大分トリニータ,宇津元 伸弥,日本,25,170cm,68kg,FW,フォワード
日本,J2,大分トリニータ,有働 夢叶,日本,22,180cm,74kg,FW,フォワード
日本,J2,モンテディオ山形,トーマス ヒュワード ベル,オーストラリア,28,183cm,80kg,GK,ゴールキーパー
日本,J2,モンテディオ山形,長谷川 洸,日本,30,192cm,84kg,GK,ゴールキーパー
日本,J2,モンテディオ山形,寺門 陸,日本,22,182cm,78kg,GK,ゴールキーパー
日本,J2,モンテディオ山形,吉田 泰授,日本,25,175cm,68kg,DF,ディフェンダー
日本,J2,モンテディオ山形,熊本 雄太,日本,30,183cm,78kg,DF,ディフェンダー
日本,J2,モンテディオ山形,西村 慧祐,日本,27,187cm,80kg,DF,ディフェンダー
日本,J2,モンテディオ山形,安部 崇士,日本,27,173cm,68kg,DF,ディフェンダー
日本,J2,モンテディオ山形,山田 拓巳,日本,35,170cm,68kg,DF,ディフェンダー
日本,J2,モンテディオ山形,岡本 一真,日本,22,176cm,70kg,DF,ディフェンダー
日本,J2,モンテディオ山形,城和 隼颯,日本,26,183cm,77kg,DF,ディフェンダー
日本,J2,モンテディオ山形,上林 大誠,日本,21,180cm,70kg,DF,ディフェンダー
日本,J2,モンテディオ山形,佐藤 陸斗,日本,20,172cm,64kg,DF,ディフェンダー
日本,J2,モンテディオ山形,齋藤 大地,日本,19,178cm,70kg,DF,ディフェンダー
日本,J2,モンテディオ山形,髙江 麗央,日本,27,169cm,65kg,MF,ミッドフィールダー
日本,J2,モンテディオ山形,小西 雄大,日本,27,168cm,62kg,MF,ミッドフィールダー
日本,J2,モンテディオ山形,氣田 亮真,日本,27,172cm,65kg,MF,ミッドフィールダー
日本,J2,モンテディオ山形,野嶽 寛也,日本,24,177cm,66kg,MF,ミッドフィールダー
日本,J2,モンテディオ山形,坂本 亘基,日本,26,173cm,67kg,MF,ミッドフィールダー
日本,J2,モンテディオ山形,川井 歩,日本,26,177cm,67kg,MF,ミッドフィールダー
日本,J2,モンテディオ山形,南 秀仁,日本,32,176cm,67kg,MF,ミッドフィールダー
日本,J2,モンテディオ山形,吉尾 海夏,日本,26,170cm,62kg,MF,ミッドフィールダー
日本,J2,モンテディオ山形,田中 渉,日本,24,171cm,64kg,MF,ミッドフィールダー
日本,J2,モンテディオ山形,國分 伸太郎,日本,30,178cm,71kg,MF,ミッドフィールダー
日本,J2,モンテディオ山形,イサカ ゼイン,日本,27,174cm,74kg,MF,ミッドフィールダー
日本,J2,モンテディオ山形,中村 亮太朗,日本,28,175cm,68kg,MF,ミッドフィールダー
日本,J2,モンテディオ山形,高橋 潤哉,日本,28,180cm,75kg,FW,フォワード
日本,J2,モンテディオ山形,藤本 佳希,日本,31,178cm,75kg,FW,フォワード
日本,J2,モンテディオ山形,大森 真吾,日本,24,180cm,73kg,FW,フォワード
日本,J2,モンテディオ山形,堀金 峻明,日本,22,173cm,68kg,FW,フォワード
日本,J2,モンテディオ山形,ディサロ 燦シルヴァーノ,日本,29,175cm,70kg,FW,フォワード
日本,J2,モンテディオ山形,ベカ ミケルタゼ,ジョージア,27,185cm,78kg,FW,フォワード
日本,J2,カターレ富山,田川 知樹,日本,22,180cm,78kg,GK,ゴールキーパー
日本,J2,カターレ富山,大久保 択生,日本,35,190cm,92kg,GK,ゴールキーパー
日本,J2,カターレ富山,コ ボンジョ,大韓民国,23,190cm,80kg,GK,ゴールキーパー
日本,J2,カターレ富山,平尾 駿輝,日本,21,180cm,75kg,GK,ゴールキーパー
日本,J2,カターレ富山,吉田 新,日本,25,175cm,68kg,DF,ディフェンダー
日本,J2,カターレ富山,神山 京右,日本,25,183cm,78kg,DF,ディフェンダー
日本,J2,カターレ富山,今瀬 淳也,日本,32,184cm,78kg,DF,ディフェンダー
日本,J2,カターレ富山,深澤 壯太,日本,22,183cm,80kg,DF,ディフェンダー
日本,J2,カターレ富山,西矢 慎平,日本,23,178cm,70kg,DF,ディフェンダー
日本,J2,カターレ富山,鍋田 純志,日本,25,177cm,68kg,DF,ディフェンダー
日本,J2,カターレ富山,竹内 豊,日本,22,182cm,78kg,DF,ディフェンダー
日本,J2,カターレ富山,酒井 崇一,日本,29,186cm,80kg,DF,ディフェンダー
日本,J2,カターレ富山,川上 優樹,日本,27,183cm,78kg,DF,ディフェンダー
日本,J2,カターレ富山,濱 託巳,日本,28,175cm,73kg,DF,ディフェンダー
日本,J2,カターレ富山,瀬良 俊太,日本,23,170cm,64kg,MF,ミッドフィールダー
日本,J2,カターレ富山,佐々木 陽次,日本,32,174cm,67kg,MF,ミッドフィールダー
日本,J2,カターレ富山,松岡 大智,日本,26,170cm,68kg,MF,ミッドフィールダー
日本,J2,カターレ富山,浦 十藏,日本,21,172cm,67kg,MF,ミッドフィールダー
日本,J2,カターレ富山,ガブリエル エンリケ,ブラジル,22,175cm,70kg,MF,ミッドフィールダー
日本,J2,カターレ富山,末木 裕也,日本,28,170cm,63kg,MF,ミッドフィールダー
日本,J2,カターレ富山,伊藤 拓巳,日本,24,170cm,67kg,MF,ミッドフィールダー
日本,J2,カターレ富山,大山 武蔵,日本,26,168cm,68kg,MF,ミッドフィールダー
日本,J2,カターレ富山,椎名 伸志,日本,33,166cm,61kg,MF,ミッドフィールダー
日本,J2,カターレ富山,河井 陽介,日本,35,165cm,60kg,MF,ミッドフィールダー
日本,J2,カターレ富山,亀田 歩夢,日本,18,178cm,70kg,MF,ミッドフィールダー
日本,J2,カターレ富山,布施谷 翔,日本,24,170cm,65kg,MF,ミッドフィールダー
日本,J2,カターレ富山,溝口 駿,日本,23,176cm,68kg,MF,ミッドフィールダー
日本,J2,カターレ富山,髙橋 馨希,日本,24,177cm,68kg,MF,ミッドフィールダー
日本,J2,カターレ富山,竹中 元汰,日本,22,168cm,63kg,MF,ミッドフィールダー
日本,J2,カターレ富山,植田 啓太,日本,22,178cm,71kg,MF,ミッドフィールダー
日本,J2,カターレ富山,碓井 聖生,日本,25,180cm,72kg,FW,フォワード
日本,J2,カターレ富山,松田 力,日本,33,175cm,75kg,FW,フォワード
日本,J2,カターレ富山,井上 直輝,日本,27,173cm,70kg,FW,フォワード
日本,J2,カターレ富山,吉平 翼,日本,27,172cm,69kg,FW,フォワード
日本,J2,カターレ富山,古川 真人,日本,23,185cm,75kg,FW,フォワード
日本,J2,カターレ富山,武 颯,日本,29,176cm,73kg,FW,フォワード
日本,J2,藤枝MYFC,六反 勇治,日本,38,188cm,80kg,GK,ゴールキーパー
日本,J2,藤枝MYFC,ジョーンズ レイ,日本,23,178cm,75kg,GK,ゴールキーパー
日本,J2,藤枝MYFC,栗栖 汰志,日本,19,183cm,75kg,GK,ゴールキーパー
日本,J2,藤枝MYFC,川島 將,日本,33,180cm,75kg,DF,ディフェンダー
日本,J2,藤枝MYFC,鈴木 翔太,日本,26,183cm,73kg,DF,ディフェンダー
日本,J2,藤枝MYFC,中川 創,日本,26,184cm,78kg,DF,ディフェンダー
日本,J2,藤枝MYFC,楠本 卓海,日本,29,182cm,78kg,DF,ディフェンダー
日本,J2,藤枝MYFC,森 侑里,日本,24,175cm,70kg,DF,ディフェンダー
日本,J2,藤枝MYFC,久富 良輔,日本,34,178cm,72kg,DF,ディフェンダー
日本,J2,藤枝MYFC,大曽根 広汰,日本,26,170cm,65kg,DF,ディフェンダー
日本,J2,藤枝MYFC,閑田 隼人,日本,23,175cm,68kg,DF,ディフェンダー
日本,J2,藤枝MYFC,梶川 諒太,日本,36,171cm,67kg,MF,ミッドフィールダー
日本,J2,藤枝MYFC,松下 佳貴,日本,31,174cm,67kg,MF,ミッドフィールダー
日本,J2,藤枝MYFC,中川 風希,日本,30,155cm,56kg,MF,ミッドフィールダー
日本,J2,藤枝MYFC,杉田 真彦,日本,30,170cm,67kg,MF,ミッドフィールダー
日本,J2,藤枝MYFC,世瀬 啓人,日本,26,172cm,65kg,MF,ミッドフィールダー
日本,J2,藤枝MYFC,シマブク カズヨシ,ペルー,26,170cm,68kg,MF,ミッドフィールダー
日本,J2,藤枝MYFC,永田 貫太,日本,24,173cm,65kg,MF,ミッドフィールダー
日本,J2,藤枝MYFC,浅倉 廉,日本,24,168cm,64kg,MF,ミッドフィールダー
日本,J2,藤枝MYFC,川上 エドオジョン 智慧,日本,27,170cm,64kg,MF,ミッドフィールダー
日本,J2,藤枝MYFC,河本 大雅,日本,19,165cm,60kg,MF,ミッドフィールダー
日本,J2,藤枝MYFC,金子 翔太,日本,30,163cm,58kg,MF,ミッドフィールダー
日本,J2,藤枝MYFC,ホッキ ジュニオール,ブラジル,21,175cm,70kg,MF,ミッドフィールダー
日本,J2,藤枝MYFC,榊原 杏太,日本,24,168cm,62kg,MF,ミッドフィールダー
日本,J2,藤枝MYFC,松木 駿之介,日本,28,168cm,63kg,FW,フォワード
日本,J2,藤枝MYFC,アンデルソン,ブラジル,29,185cm,80kg,FW,フォワード
日本,J2,藤枝MYFC,ジュリオ,ブラジル,24,180cm,75kg,FW,フォワード
日本,J2,藤枝MYFC,榎本 啓吾,日本,26,170cm,63kg,FW,フォワード
日本,J2,藤枝MYFC,中村 涼,日本,21,180cm,70kg,FW,フォワード
日本,J2,藤枝MYFC,清家 芳樹,日本,22,185cm,78kg,FW,フォワード
日本,J2,藤枝MYFC,ディアマンカ センゴール チェク,セネガル,21,190cm,85kg,FW,フォワード
日本,J2,いわきFC,早坂 勇希,日本,26,184cm,81kg,GK,ゴールキーパー
日本,J2,いわきFC,松本 崚汰,日本,22,184cm,78kg,GK,ゴールキーパー
日本,J2,いわきFC,佐々木 雅士,日本,23,185cm,80kg,GK,ゴールキーパー
日本,J2,いわきFC,チュ・ヒョンジン,大韓民国,20,190cm,85kg,GK,ゴールキーパー
日本,J2,いわきFC,石田 侑資,日本,22,175cm,73kg,DF,ディフェンダー
日本,J2,いわきFC,遠藤 凌,日本,26,183cm,78kg,DF,ディフェンダー
日本,J2,いわきFC,堂鼻 起暉,日本,26,177cm,75kg,DF,ディフェンダー
日本,J2,いわきFC,白井 陽貴,日本,24,182cm,77kg,DF,ディフェンダー
日本,J2,いわきFC,山田 裕翔,日本,23,182cm,78kg,DF,ディフェンダー
日本,J2,いわきFC,生駒 仁,日本,25,185cm,80kg,DF,ディフェンダー
日本,J2,いわきFC,木吹 翔太,日本,18,203cm,95kg,DF,ディフェンダー
日本,J2,いわきFC,五十嵐 聖己,日本,23,177cm,70kg,DF,ディフェンダー
日本,J2,いわきFC,ヒョン・ウビン,大韓民国,19,190cm,81kg,DF,ディフェンダー
日本,J2,いわきFC,山内 琳太郎,日本,22,180cm,75kg,DF,ディフェンダー
日本,J2,いわきFC,坂岸 寛大,日本,23,168cm,65kg,MF,ミッドフィールダー
日本,J2,いわきFC,石渡 ネルソン,日本,20,185cm,79kg,MF,ミッドフィールダー
日本,J2,いわきFC,柴田 壮介,日本,24,168cm,62kg,MF,ミッドフィールダー
日本,J2,いわきFC,山口 大輝,日本,27,175cm,74kg,MF,ミッドフィールダー
日本,J2,いわきFC,加瀬 直輝,日本,25,167cm,67kg,MF,ミッドフィールダー
日本,J2,いわきFC,鵜木 郁哉,日本,23,168cm,67kg,MF,ミッドフィールダー
日本,J2,いわきFC,加藤 悠馬,日本,23,164cm,60kg,MF,ミッドフィールダー
日本,J2,いわきFC,大西 悠介,日本,24,174cm,71kg,MF,ミッドフィールダー
日本,J2,いわきFC,山下 優人,日本,29,174cm,71kg,MF,ミッドフィールダー
日本,J2,いわきFC,谷村 海那,日本,27,181cm,83kg,FW,フォワード
日本,J2,いわきFC,ブワニカ 啓太,日本,22,186cm,78kg,FW,フォワード
日本,J2,いわきFC,村上 陽斗,日本,22,174cm,73kg,FW,フォワード
日本,J2,いわきFC,加藤 大晟,日本,22,184cm,83kg,FW,フォワード
日本,J2,いわきFC,坂元 一渚璃,日本,20,184cm,75kg,FW,フォワード
日本,J2,いわきFC,キム・ヒョンウ,大韓民国,23,178cm,75kg,FW,フォワード
日本,J2,いわきFC,久永 瑠音,日本,21,175cm,70kg,FW,フォワード
日本,J2,いわきFC,熊田 直紀,日本,20,181cm,79kg,FW,フォワード
日本,J2,ブラウブリッツ秋田,山田 元気,日本,30,187cm,81kg,GK,ゴールキーパー
日本,J2,ブラウブリッツ秋田,ルカ・ラドティッチ,セルビア,24,188cm,82kg,GK,ゴールキーパー
日本,J2,ブラウブリッツ秋田,矢田貝 壮貴,日本,27,180cm,80kg,GK,ゴールキーパー
日本,J2,ブラウブリッツ秋田,堀内 智葵,日本,18,184cm,80kg,GK,ゴールキーパー
日本,J2,ブラウブリッツ秋田,岡﨑 亮平,日本,33,185cm,78kg,DF,ディフェンダー
日本,J2,ブラウブリッツ秋田,井上 竜太,日本,24,186cm,85kg,DF,ディフェンダー
日本,J2,ブラウブリッツ秋田,長井 一真,日本,26,180cm,75kg,DF,ディフェンダー
日本,J2,ブラウブリッツ秋田,才藤 龍治,日本,32,176cm,71kg,DF,ディフェンダー
日本,J2,ブラウブリッツ秋田,村松 航太,日本,27,171cm,73kg,DF,ディフェンダー
日本,J2,ブラウブリッツ秋田,尾崎 優成,日本,21,177cm,75kg,DF,ディフェンダー
日本,J2,ブラウブリッツ秋田,深港 壮一郎,日本,24,180cm,75kg,DF,ディフェンダー
日本,J2,ブラウブリッツ秋田,長谷川 巧,日本,26,179cm,68kg,DF,ディフェンダー
日本,J2,ブラウブリッツ秋田,星 キョーワァン,日本,28,182cm,78kg,DF,ディフェンダー
日本,J2,ブラウブリッツ秋田,畑橋 拓輝,日本,22,180cm,75kg,DF,ディフェンダー
日本,J2,ブラウブリッツ秋田,諸岡 裕人,日本,28,175cm,72kg,MF,ミッドフィールダー
日本,J2,ブラウブリッツ秋田,水谷 拓磨,日本,29,169cm,65kg,MF,ミッドフィールダー
日本,J2,ブラウブリッツ秋田,中村 亮太,日本,34,175cm,72kg,MF,ミッドフィールダー
日本,J2,ブラウブリッツ秋田,大石 竜平,日本,28,172cm,65kg,MF,ミッドフィールダー
日本,J2,ブラウブリッツ秋田,吉岡 雅和,日本,30,163cm,59kg,MF,ミッドフィールダー
日本,J2,ブラウブリッツ秋田,藤山 智史,日本,31,170cm,66kg,MF,ミッドフィールダー
日本,J2,ブラウブリッツ秋田,石田 凌太郎,日本,23,175cm,72kg,MF,ミッドフィールダー
日本,J2,ブラウブリッツ秋田,鈴木 陽成,日本,20,174cm,68kg,MF,ミッドフィールダー
日本,J2,ブラウブリッツ秋田,小野原 和哉,日本,29,170cm,67kg,MF,ミッドフィールダー
日本,J2,ブラウブリッツ秋田,畑 潤基,日本,30,175cm,72kg,FW,フォワード
日本,J2,ブラウブリッツ秋田,小松 蓮,日本,26,183cm,78kg,FW,フォワード
日本,J2,ブラウブリッツ秋田,梶谷 政仁,日本,25,178cm,75kg,FW,フォワード
日本,J2,ブラウブリッツ秋田,川本 梨誉,日本,24,178cm,70kg,FW,フォワード
日本,J2,ブラウブリッツ秋田,佐藤 大樹,日本,26,177cm,70kg,FW,フォワード
日本,J2,ブラウブリッツ秋田,鈴木 翔大,日本,32,176cm,72kg,FW,フォワード
日本,J2,ブラウブリッツ秋田,佐川 洸介,日本,25,195cm,85kg,FW,フォワード
日本,J2,FC今治,立川 小太郎,日本,28,187cm,85kg,GK,ゴールキーパー
日本,J2,FC今治,伊藤 元太,日本,24,190cm,85kg,GK,ゴールキーパー
日本,J2,FC今治,植田 峻佑,日本,37,180cm,75kg,GK,ゴールキーパー
日本,J2,FC今治,髙木和 徹,日本,30,186cm,80kg,GK,ゴールキーパー
日本,J2,FC今治,加藤 徹也,日本,29,186cm,80kg,DF,ディフェンダー
日本,J2,FC今治,福森 直也,日本,32,183cm,80kg,DF,ディフェンダー
日本,J2,FC今治,市原 亮太,日本,27,178cm,75kg,DF,ディフェンダー
日本,J2,FC今治,ダニーロ,ブラジル,28,184cm,78kg,DF,ディフェンダー
日本,J2,FC今治,野口 航,日本,29,168cm,65kg,DF,ディフェンダー
日本,J2,FC今治,阿部 稜汰,日本,23,171cm,68kg,DF,ディフェンダー
日本,J2,FC今治,大森 理生,日本,22,182cm,75kg,DF,ディフェンダー
日本,J2,FC今治,西袋 裕太,日本,30,183cm,78kg,DF,ディフェンダー
日本,J2,FC今治,イ・ヨンジュン,韓国,18,190cm,83kg,DF,ディフェンダー
日本,J2,FC今治,竹内 悠力,日本,23,178cm,73kg,DF,ディフェンダー
日本,J2,FC今治,梅木 怜,日本,19,178cm,70kg,DF,ディフェンダー
日本,J2,FC今治,梶浦 勇輝,日本,21,173cm,68kg,MF,ミッドフィールダー
日本,J2,FC今治,山田 貴文,日本,33,168cm,67kg,MF,ミッドフィールダー
日本,J2,FC今治,近藤 高虎,日本,27,173cm,67kg,MF,ミッドフィールダー
日本,J2,FC今治,弓場 堅真,日本,24,175cm,68kg,MF,ミッドフィールダー
日本,J2,FC今治,持井 響太,日本,26,173cm,63kg,MF,ミッドフィールダー
日本,J2,FC今治,新井 光,日本,26,174cm,67kg,MF,ミッドフィールダー
日本,J2,FC今治,ヴィニシウス・ディニス,ブラジル,25,175cm,68kg,MF,ミッドフィールダー
日本,J2,FC今治,佐藤 璃樹,日本,21,175cm,65kg,MF,ミッドフィールダー
日本,J2,FC今治,パトリッキ・ヴェロン,ブラジル,20,174cm,69kg,MF,ミッドフィールダー
日本,J2,FC今治,笹 修大,日本,18,182cm,79kg,MF,ミッドフィールダー
日本,J2,FC今治,横山 夢樹,日本,19,170cm,63kg,MF,ミッドフィールダー
日本,J2,FC今治,馬越 晃,日本,19,172cm,65kg,MF,ミッドフィールダー
日本,J2,FC今治,三門 雄大,日本,38,175cm,72kg,MF,ミッドフィールダー
日本,J2,FC今治,加藤 潤也,日本,30,166cm,60kg,MF,ミッドフィールダー
日本,J2,FC今治,マルクス・ヴィニシウス,ブラジル,27,174cm,70kg,FW,フォワード
日本,J2,FC今治,ウェズレイ・タンキ,ブラジル,28,185cm,85kg,FW,フォワード
日本,J2,FC今治,藤岡 浩介,日本,30,175cm,72kg,FW,フォワード
日本,J2,FC今治,日野 友貴,日本,28,174cm,74kg,FW,フォワード
日本,J2,FC今治,菊池 季汐,日本,21,168cm,65kg,FW,フォワード
日本,J2,ジュビロ磐田,川島 永嗣,日本,42,185cm,82kg,GK,ゴールキーパー
日本,J2,ジュビロ磐田,阿部 航斗,日本,27,186cm,86kg,GK,ゴールキーパー
日本,J2,ジュビロ磐田,三浦 龍輝,日本,33,182cm,79kg,GK,ゴールキーパー
日本,J2,ジュビロ磐田,西澤 翼,日本,22,188cm,80kg,GK,ゴールキーパー
日本,J2,ジュビロ磐田,川﨑 一輝,日本,27,167cm,63kg,DF,ディフェンダー
日本,J2,ジュビロ磐田,森岡 陸,日本,26,181cm,75kg,DF,ディフェンダー
日本,J2,ジュビロ磐田,松原 后,日本,28,182cm,75kg,DF,ディフェンダー
日本,J2,ジュビロ磐田,江﨑 巧朗,日本,25,180cm,76kg,DF,ディフェンダー
日本,J2,ジュビロ磐田,上夷 克典,日本,29,180cm,78kg,DF,ディフェンダー
日本,J2,ジュビロ磐田,ハッサン・ヒル,イスラエル,25,184cm,78kg,DF,ディフェンダー
日本,J2,ジュビロ磐田,リカルド・グラッサ,ブラジル,28,185cm,78kg,DF,ディフェンダー
日本,J2,ジュビロ磐田,川口 尚紀,日本,31,177cm,70kg,DF,ディフェンダー
日本,J2,ジュビロ磐田,ヤン・ファン・デン・ベルフ,ベルギー,30,188cm,80kg,DF,ディフェンダー
日本,J2,ジュビロ磐田,甲斐 佑蒼,日本,18,182cm,75kg,DF,ディフェンダー
日本,J2,ジュビロ磐田,金子 大毅,日本,26,178cm,75kg,MF,ミッドフィールダー
日本,J2,ジュビロ磐田,上原 力也,日本,28,174cm,66kg,MF,ミッドフィールダー
日本,J2,ジュビロ磐田,為田 大貴,日本,31,175cm,68kg,MF,ミッドフィールダー
日本,J2,ジュビロ磐田,ジョルディ・クルークス,ベルギー,31,172cm,64kg,MF,ミッドフィールダー
日本,J2,ジュビロ磐田,中村 駿,日本,31,177cm,72kg,MF,ミッドフィールダー
日本,J2,ジュビロ磐田,川合 徳孟,日本,18,175cm,65kg,MF,ミッドフィールダー
日本,J2,ジュビロ磐田,角 昂志郎,日本,22,168cm,64kg,MF,ミッドフィールダー
日本,J2,ジュビロ磐田,石塚 蓮歩,日本,18,180cm,72kg,MF,ミッドフィールダー
日本,J2,ジュビロ磐田,相田 勇樹,日本,26,171cm,68kg,MF,ミッドフィールダー
日本,J2,ジュビロ磐田,植村 洋斗,日本,23,172cm,64kg,MF,ミッドフィールダー
日本,J2,ジュビロ磐田,倍井 謙,日本,24,173cm,68kg,MF,ミッドフィールダー
日本,J2,ジュビロ磐田,渡邉 りょう,日本,28,179cm,73kg,FW,フォワード
日本,J2,ジュビロ磐田,マテウス・ペイショット,ブラジル,29,189cm,86kg,FW,フォワード
日本,J2,ジュビロ磐田,ポラメート・アーウィライ,タイ,26,178cm,70kg,FW,フォワード
日本,J2,ジュビロ磐田,佐藤 凌我,日本,26,173cm,67kg,FW,フォワード
日本,J2,愛媛FC,徳重 健太,日本,41,187cm,90kg,GK,ゴールキーパー
日本,J2,愛媛FC,白坂 楓馬,日本,28,182cm,78kg,GK,ゴールキーパー
日本,J2,愛媛FC,辻 周吾,日本,27,187cm,84kg,GK,ゴールキーパー
日本,J2,愛媛FC,亀山 雄汰,日本,,,,GK,ゴールキーパー
日本,J2,愛媛FC,牧口 一真,日本,20,188cm,75kg,GK,ゴールキーパー
日本,J2,愛媛FC,今野 息吹,日本,24,179cm,70kg,DF,ディフェンダー
日本,J2,愛媛FC,マルセル スカレゼ,イタリア,,,,DF,ディフェンダー
日本,J2,愛媛FC,山原 康太郎,日本,24,182cm,75kg,DF,ディフェンダー
日本,J2,愛媛FC,黒石 貴哉,日本,28,183cm,77kg,DF,ディフェンダー
日本,J2,愛媛FC,パク ゴヌ,韓国,23,173cm,70kg,DF,ディフェンダー
日本,J2,愛媛FC,ユ イェチャン,韓国,24,179cm,72kg,DF,ディフェンダー
日本,J2,愛媛FC,金沢 一矢,日本,22,183cm,79kg,DF,ディフェンダー
日本,J2,愛媛FC,福島 隼斗,日本,25,178cm,75kg,DF,ディフェンダー
日本,J2,愛媛FC,石尾 崚雅,日本,25,183cm,76kg,DF,ディフェンダー
日本,J2,愛媛FC,森山 公弥,日本,23,178cm,73kg,DF,ディフェンダー
日本,J2,愛媛FC,石浦 大雅,日本,23,170cm,66kg,MF,ミッドフィールダー
日本,J2,愛媛FC,谷岡 昌,日本,23,180cm,73kg,MF,ミッドフィールダー
日本,J2,愛媛FC,曽根田 穣,日本,30,171cm,71kg,MF,ミッドフィールダー
日本,J2,愛媛FC,深澤 佑太,日本,24,172cm,68kg,MF,ミッドフィールダー
日本,J2,愛媛FC,窪田 稜,日本,24,171cm,68kg,MF,ミッドフィールダー
日本,J2,愛媛FC,谷本 駿介,日本,24,173cm,68kg,MF,ミッドフィールダー
日本,J2,愛媛FC,細谷 航平,日本,23,182cm,72kg,MF,ミッドフィールダー
日本,J2,愛媛FC,甲田 英將,日本,21,168cm,65kg,MF,ミッドフィールダー
日本,J2,愛媛FC,吉田 温紀,日本,22,181cm,75kg,MF,ミッドフィールダー
日本,J2,愛媛FC,エカニット パンヤ,タイ,25,168cm,68kg,MF,ミッドフィールダー
日本,J2,愛媛FC,行友 翔哉,日本,20,174cm,66kg,MF,ミッドフィールダー
日本,J2,愛媛FC,ベン ダンカン,オーストラリア,22,186cm,85kg,FW,フォワード
日本,J2,愛媛FC,佐藤 亮,日本,27,173cm,65kg,FW,フォワード
日本,J2,愛媛FC,藤原 悠汰,日本,26,165cm,66kg,FW,フォワード
日本,J2,愛媛FC,鶴野 怜樹,日本,24,168cm,62kg,FW,フォワード
日本,J2,愛媛FC,村上 悠緋,日本,24,178cm,72kg,FW,フォワード
日本,J2,愛媛FC,田口 裕也,日本,24,180cm,73kg,FW,フォワード
日本,J2,愛媛FC,舩橋 京汰,日本,19,177cm,69kg,FW,フォワード
日本,J2,愛媛FC,武藤 寛,日本,,,,FW,フォワード
日本,J2,愛媛FC,アルトゥール ヴィアナ,ブラジル,,,,FW,フォワード
日本,J2,北海道コンサドーレ札幌,菅野 孝憲,日本,41,179cm,75kg,GK,ゴールキーパー
日本,J2,北海道コンサドーレ札幌,児玉 潤,日本,27,175cm,,GK,ゴールキーパー
日本,J2,北海道コンサドーレ札幌,中野 小次郎,日本,26,,,GK,ゴールキーパー
日本,J2,北海道コンサドーレ札幌,高木 駿,日本,36,,,GK,ゴールキーパー
日本,J2,北海道コンサドーレ札幌,髙尾 瑠,日本,28,,,DF,ディフェンダー
日本,J2,北海道コンサドーレ札幌,パク・ミンギュ,韓国,29,,,DF,ディフェンダー
日本,J2,北海道コンサドーレ札幌,中村 桐耶,日本,24,,,DF,ディフェンダー
日本,J2,北海道コンサドーレ札幌,家泉 怜依,日本,25,,,DF,ディフェンダー
日本,J2,北海道コンサドーレ札幌,大﨑 玲央,日本,33,,,DF,ディフェンダー
日本,J2,北海道コンサドーレ札幌,岡田 大和,日本,24,,,DF,ディフェンダー
日本,J2,北海道コンサドーレ札幌,西野 奨太,日本,21,,,DF,ディフェンダー
日本,J2,北海道コンサドーレ札幌,浦上 仁騎,日本,28,178cm,76kg,DF,ディフェンダー
日本,J2,北海道コンサドーレ札幌,宮 大樹,日本,29,,,DF,ディフェンダー
日本,J2,北海道コンサドーレ札幌,高嶺 朋樹,日本,27,,,MF,ミッドフィールダー
日本,J2,北海道コンサドーレ札幌,スパチョーク・サラチャート,タイ,27,,,MF,ミッドフィールダー
日本,J2,北海道コンサドーレ札幌,深井 一希,日本,30,,,MF,ミッドフィールダー
日本,J2,北海道コンサドーレ札幌,宮澤 裕樹,日本,36,,,MF,ミッドフィールダー
日本,J2,北海道コンサドーレ札幌,青木 亮太,日本,29,,,MF,ミッドフィールダー
日本,J2,北海道コンサドーレ札幌,長谷川 竜也,日本,31,164cm,60kg,MF,ミッドフィールダー
日本,J2,北海道コンサドーレ札幌,荒野 拓馬,日本,32,,,MF,ミッドフィールダー
日本,J2,北海道コンサドーレ札幌,田中 宏武,日本,26,,,MF,ミッドフィールダー
日本,J2,北海道コンサドーレ札幌,近藤 友喜,日本,24,,,MF,ミッドフィールダー
日本,J2,北海道コンサドーレ札幌,田中 克幸,日本,23,175cm,70kg,MF,ミッドフィールダー
日本,J2,北海道コンサドーレ札幌,木戸 柊摩,日本,22,,,MF,ミッドフィールダー
日本,J2,北海道コンサドーレ札幌,原 康介,日本,19,,,MF,ミッドフィールダー
日本,J2,北海道コンサドーレ札幌,林田 友兜,日本,20,,,MF,ミッドフィールダー
日本,J2,北海道コンサドーレ札幌,ジョルディ・サンチェス,スペイン,30,,,FW,フォワード
日本,J2,北海道コンサドーレ札幌,アマドゥ・バカヨコ,シエラレオネ,29,,,FW,フォワード
日本,J2,北海道コンサドーレ札幌,白井 陽斗,日本,25,,,FW,フォワード
日本,J2,北海道コンサドーレ札幌,出間 思努,日本,20,,,FW,フォワード
日本,J2,北海道コンサドーレ札幌,マリオ・セルジオ,ブラジル,29,,,FW,フォワード
日本,J2,徳島ヴォルティス,田中 颯,日本,26,184cm,82kg,GK,ゴールキーパー
日本,J2,徳島ヴォルティス,田向 泰輝,日本,33,,,DF,ディフェンダー
日本,J2,徳島ヴォルティス,山田 奈央,日本,22,,,DF,ディフェンダー
日本,J2,徳島ヴォルティス,カイケ,ブラジル,24,,,DF,ディフェンダー
日本,J2,徳島ヴォルティス,青木 駿人,日本,24,,,DF,ディフェンダー
日本,J2,徳島ヴォルティス,内田 航平,日本,32,,,MF,ミッドフィールダー
日本,J2,徳島ヴォルティス,児玉 駿斗,日本,26,,,MF,ミッドフィールダー
日本,J2,徳島ヴォルティス,岩尾 憲,日本,37,,,MF,ミッドフィールダー
日本,J2,徳島ヴォルティス,トニー・アンデルソン,ブラジル,27,,,FW,フォワード
日本,J2,徳島ヴォルティス,杉本 太郎,日本,29,,,MF,ミッドフィールダー
日本,J2,徳島ヴォルティス,杉森 考起,日本,28,,,MF,ミッドフィールダー
日本,J2,徳島ヴォルティス,西野 太陽,日本,22,,,FW,フォワード
日本,J2,徳島ヴォルティス,玄 理吾,日本,21,,,MF,ミッドフィールダー
日本,J2,徳島ヴォルティス,山越 康平,日本,32,,,DF,ディフェンダー
日本,J2,徳島ヴォルティス,渡 大生,日本,32,,,FW,フォワード
日本,J2,徳島ヴォルティス,エウシーニョ,ブラジル,35,,,DF,ディフェンダー
日本,J2,徳島ヴォルティス,ジョアン・ヴィクトル,ブラジル,26,,,FW,フォワード
日本,J2,徳島ヴォルティス,永井 堅梧,日本,30,184cm,,GK,ゴールキーパー
日本,J2,徳島ヴォルティス,柳澤 亘,日本,29,,,DF,ディフェンダー
日本,J2,徳島ヴォルティス,髙田 優,日本,19,,,MF,ミッドフィールダー
日本,J2,徳島ヴォルティス,髙田 颯也,日本,23,,,MF,ミッドフィールダー
日本,J2,徳島ヴォルティス,山下 雄大,日本,24,,,MF,ミッドフィールダー
日本,J2,徳島ヴォルティス,尾上 瑠聖,日本,18,,,MF,ミッドフィールダー
日本,J2,徳島ヴォルティス,ローレンス・デイビッド,ナイジェリア,19,,,FW,フォワード
日本,J2,徳島ヴォルティス,鹿沼 直生,日本,27,,,MF,ミッドフィールダー
日本,J2,徳島ヴォルティス,三井 大輝,日本,24,,,GK,ゴールキーパー
日本,J2,徳島ヴォルティス,坪井 清志郎,日本,25,,,FW,フォワード
日本,J2,徳島ヴォルティス,長谷川 徹,日本,36,,,GK,ゴールキーパー
日本,J2,徳島ヴォルティス,永木 亮太,日本,37,,,MF,ミッドフィールダー
日本,J2,徳島ヴォルティス,高木 友也,日本,27,,,DF,ディフェンダー
日本,J2,徳島ヴォルティス,山口 竜弥,日本,25,,,DF,ディフェンダー
日本,J2,徳島ヴォルティス,重廣 卓也,日本,30,,,MF,ミッドフィールダー
日本,J2,徳島ヴォルティス,ルーカス・バルセロス,ブラジル,26,,,FW,フォワード
日本,J2,ロアッソ熊本,佐藤 史騎,日本,23,183cm,83kg,GK,ゴールキーパー
日本,J2,ロアッソ熊本,佐藤 優也,日本,39,186cm,,GK,ゴールキーパー
日本,J2,ロアッソ熊本,バーンズ アントン,アメリカ,21,,,GK,ゴールキーパー
日本,J2,ロアッソ熊本,武者 大夢,日本,26,,,GK,ゴールキーパー
日本,J2,ロアッソ熊本,黒木 晃平,日本,35,,,DF,ディフェンダー
日本,J2,ロアッソ熊本,大西 遼太郎,日本,27,,,DF,ディフェンダー
日本,J2,ロアッソ熊本,袴田 裕太郎,日本,29,,,DF,ディフェンダー
日本,J2,ロアッソ熊本,阿部 海斗,日本,26,,,DF,ディフェンダー
日本,J2,ロアッソ熊本,岩下 航,日本,26,,,DF,ディフェンダー
日本,J2,ロアッソ熊本,李 泰河,日本,22,,,DF,ディフェンダー
日本,J2,ロアッソ熊本,宮㟢 海斗,日本,24,,,DF,ディフェンダー
日本,J2,ロアッソ熊本,長嶋 志歩,日本,19,,,DF,ディフェンダー
日本,J2,ロアッソ熊本,竹本 雄飛,日本,27,,,MF,ミッドフィールダー
日本,J2,ロアッソ熊本,上村 周平,日本,29,,,MF,ミッドフィールダー
日本,J2,ロアッソ熊本,大本 祐槻,日本,30,,,MF,ミッドフィールダー
日本,J2,ロアッソ熊本,古長谷 千博,日本,23,,,MF,ミッドフィールダー
日本,J2,ロアッソ熊本,飯星 明良,日本,22,,,MF,ミッドフィールダー
日本,J2,ロアッソ熊本,三島 頌平,日本,29,,,MF,ミッドフィールダー
日本,J2,ロアッソ熊本,藤井 皓也,日本,23,,,MF,ミッドフィールダー
日本,J2,ロアッソ熊本,渡邉 怜歩,日本,22,,,MF,ミッドフィールダー
日本,J2,ロアッソ熊本,豊田 歩,日本,24,,,MF,ミッドフィールダー
日本,J2,ロアッソ熊本,小林 慶太,日本,22,,,MF,ミッドフィールダー
日本,J2,ロアッソ熊本,根岸 恵汰,日本,22,,,MF,ミッドフィールダー
日本,J2,ロアッソ熊本,べ・ジョンミン,韓国,24,,,FW,フォワード
日本,J2,ロアッソ熊本,塩浜 遼,日本,25,,,FW,フォワード
日本,J2,ロアッソ熊本,松岡 瑠夢,日本,26,,,FW,フォワード
日本,J2,ロアッソ熊本,半代 将都,日本,23,,,FW,フォワード
日本,J2,ロアッソ熊本,大崎 舜,日本,25,,,FW,フォワード
日本,J2,ロアッソ熊本,神代 慶人,日本,17,,,FW,フォワード
日本,J2,サガン鳥栖,アルナウ,スペイン,27,190cm,85kg,GK,ゴールキーパー
日本,J2,サガン鳥栖,泉森 涼太,日本,25,,,GK,ゴールキーパー
日本,J2,サガン鳥栖,内山 圭,日本,31,,,GK,ゴールキーパー
日本,J2,サガン鳥栖,エジケ 唯吹ヴィンセントジュニア,日本,,,,GK,ゴールキーパー
日本,J2,サガン鳥栖,今津 佑太,日本,,,,DF,ディフェンダー
日本,J2,サガン鳥栖,長澤 シヴァタファリ,日本,,,,DF,ディフェンダー
日本,J2,サガン鳥栖,ヴィキンタス・スリヴカ,リトアニア,,,,MF,ミッドフィールダー
日本,J2,サガン鳥栖,日野翔太,日本,,,,MF,ミッドフィールダー
日本,J2,サガン鳥栖,松本凪生,日本,,,,MF,ミッドフィールダー
日本,J2,サガン鳥栖,櫻井辰徳,日本,22,,,MF,ミッドフィールダー
日本,J2,サガン鳥栖,ジョー,ブラジル,26,190cm,86kg,FW,フォワード
日本,J2,サガン鳥栖,マイケル クアルク,ガーナ,20,178cm,72kg,FW,フォワード
日本,J2,レノファ山口FC,ニック マルスマン,オランダ,34,188cm,87kg,GK,ゴールキーパー
日本,J2,レノファ山口FC,チェ ヒョンチャン,韓国,24,189cm,80kg,GK,ゴールキーパー
日本,J2,レノファ山口FC,糸原 紘史郎,日本,26,185cm,85kg,GK,ゴールキーパー
日本,J2,レノファ山口FC,田口 潤人,日本,28,181cm,77kg,GK,ゴールキーパー
日本,J2,レノファ山口FC,松田 佳大,日本,25,190cm,85kg,DF,ディフェンダー
日本,J2,レノファ山口FC,喜岡 佳太,日本,27,182cm,78kg,DF,ディフェンダー
日本,J2,レノファ山口FC,キム ボムヨン,韓国,34,181cm,76kg,DF,ディフェンダー
日本,J2,レノファ山口FC,下堂 竜聖,日本,29,185cm,80kg,DF,ディフェンダー
日本,J2,レノファ山口FC,板倉 洸,日本,27,180cm,70kg,DF,ディフェンダー
日本,J2,レノファ山口FC,亀川 諒史,日本,32,177cm,72kg,DF,ディフェンダー
日本,J2,レノファ山口FC,三沢 直人,日本,29,180cm,74kg,MF,ミッドフィールダー
日本,J2,レノファ山口FC,池上 丈二,日本,30,165cm,60kg,MF,ミッドフィールダー
日本,J2,レノファ山口FC,横山 塁,日本,26,180cm,68kg,MF,ミッドフィールダー
日本,J2,レノファ山口FC,田邉 光平,日本,23,168cm,64kg,MF,ミッドフィールダー
日本,J2,レノファ山口FC,輪笠 祐士,日本,29,170cm,69kg,MF,ミッドフィールダー
日本,J2,レノファ山口FC,小林 成豪,日本,31,176cm,67kg,MF,ミッドフィールダー
日本,J2,レノファ山口FC,木村 有磨,日本,18,173cm,65kg,MF,ミッドフィールダー
日本,J2,レノファ山口FC,成岡 輝瑠,日本,23,170cm,60kg,MF,ミッドフィールダー
日本,J2,レノファ山口FC,野寄 和哉,日本,25,163cm,59kg,FW,フォワード
日本,J2,レノファ山口FC,有田 稜,日本,26,185cm,77kg,FW,フォワード
日本,J2,レノファ山口FC,宮吉 拓実,日本,32,173cm,68kg,FW,フォワード
日本,J2,レノファ山口FC,山本 駿亮,日本,25,183cm,80kg,FW,フォワード
日本,J2,レノファ山口FC,河野 孝汰,日本,21,177cm,73kg,FW,フォワード
日本,J2,レノファ山口FC,シルビオ ジュニオール,ブラジル,31,184cm,82kg,FW,フォワード
日本,J2,ヴァンフォーレ甲府,河田 晃兵,日本,37,184cm,78kg,GK,ゴールキーパー
日本,J2,ヴァンフォーレ甲府,石川 慧,日本,32,185cm,83kg,GK,ゴールキーパー
日本,J2,ヴァンフォーレ甲府,イ ミンギ,韓国,22,188cm,85kg,GK,ゴールキーパー
日本,J2,ヴァンフォーレ甲府,東 ジョン,日本,23,187cm,85kg,GK,ゴールキーパー
日本,J2,ヴァンフォーレ甲府,井上 樹,日本,24,178cm,74kg,DF,ディフェンダー
日本,J2,ヴァンフォーレ甲府,孫 大河,日本,26,187cm,78kg,DF,ディフェンダー
日本,J2,ヴァンフォーレ甲府,山本 英臣,日本,45,175cm,69kg,DF,ディフェンダー
日本,J2,ヴァンフォーレ甲府,一瀬 大寿,日本,22,186cm,79kg,DF,ディフェンダー
日本,J2,ヴァンフォーレ甲府,小出 悠太,日本,30,180cm,76kg,DF,ディフェンダー
日本,J2,ヴァンフォーレ甲府,佐藤 恵介,日本,23,171cm,69kg,DF,ディフェンダー
日本,J2,ヴァンフォーレ甲府,エドゥアルド マンシャ,ブラジル,29,187cm,80kg,DF,ディフェンダー
日本,J2,ヴァンフォーレ甲府,小林 岩魚,日本,28,178cm,72kg,MF,ミッドフィールダー
日本,J2,ヴァンフォーレ甲府,荒木 翔,日本,29,166cm,65kg,MF,ミッドフィールダー
日本,J2,ヴァンフォーレ甲府,中山 陸,日本,24,174cm,64kg,MF,ミッドフィールダー
日本,J2,ヴァンフォーレ甲府,鳥海 芳樹,日本,26,165cm,62kg,MF,ミッドフィールダー
日本,J2,ヴァンフォーレ甲府,熊倉 弘達,日本,23,171cm,69kg,MF,ミッドフィールダー
日本,J2,ヴァンフォーレ甲府,田中 雄大,日本,25,163cm,63kg,MF,ミッドフィールダー
日本,J2,ヴァンフォーレ甲府,林田 滉也,日本,25,175cm,73kg,MF,ミッドフィールダー
日本,J2,ヴァンフォーレ甲府,土屋 巧,日本,21,180cm,74kg,MF,ミッドフィールダー
日本,J2,ヴァンフォーレ甲府,柏 好文,日本,37,168cm,62kg,MF,ミッドフィールダー
日本,J2,ヴァンフォーレ甲府,遠藤 光,日本,25,178cm,72kg,MF,ミッドフィールダー
日本,J2,ヴァンフォーレ甲府,ヘナト アウグスト,ブラジル,33,185cm,81kg,MF,ミッドフィールダー
日本,J2,ヴァンフォーレ甲府,平塚 悠知,日本,29,175cm,63kg,MF,ミッドフィールダー
日本,J2,ヴァンフォーレ甲府,佐藤 和弘,日本,34,176cm,68kg,MF,ミッドフィールダー
日本,J2,ヴァンフォーレ甲府,米陀 大洋,日本,22,170cm,67kg,MF,ミッドフィールダー
日本,J2,ヴァンフォーレ甲府,保坂 知希,日本,19,168cm,57kg,MF,ミッドフィールダー
日本,J2,ヴァンフォーレ甲府,ヴァウ ソアレス,ブラジル,28,178cm,75kg,MF,ミッドフィールダー
日本,J2,ヴァンフォーレ甲府,三平 和司,日本,37,175cm,68kg,FW,フォワード
日本,J2,ヴァンフォーレ甲府,村上 千歩,日本,24,175cm,70kg,FW,フォワード
日本,J2,ヴァンフォーレ甲府,宮崎 純真,日本,25,173cm,66kg,FW,フォワード
日本,J2,ヴァンフォーレ甲府,大島 康樹,日本,29,177cm,66kg,FW,フォワード
日本,J2,ヴァンフォーレ甲府,松山 北斗,日本,20,163cm,61kg,FW,フォワード
日本,J2,ヴァンフォーレ甲府,内藤 大和,日本,20,179cm,73kg,FW,フォワード
日本,J2,ヴァンフォーレ甲府,ネーミアス,ブラジル,25,187cm,86kg,FW,フォワード
日本,J2,ヴァンフォーレ甲府,マテウス レイリア,ブラジル,30,179cm,69kg,FW,フォワード
日本,J3,松本山雅,大内 一生,イタリア,24,186cm,84kg,GK,ゴールキーパー
日本,J3,松本山雅,西村 遥己,日本,22,187cm,,GK,ゴールキーパー
日本,J3,松本山雅,神田 渉,日本,,,,GK,ゴールキーパー
日本,J3,松本山雅,キム ジュンヒョン,韓国,19,,,GK,ゴールキーパー
日本,J3,松本山雅,高橋 祥平,日本,33,,,DF,ディフェンダー
日本,J3,松本山雅,馬渡 和彰,日本,33,,,DF,ディフェンダー
日本,J3,松本山雅,宮部 大己,日本,26,,,DF,ディフェンダー
日本,J3,松本山雅,山本 龍平,日本,24,,,DF,ディフェンダー
日本,J3,松本山雅,杉田 隼,日本,21,,,DF,ディフェンダー
日本,J3,松本山雅,佐相 壱明,日本,26,,,DF,ディフェンダー
日本,J3,松本山雅,小川 大貴,日本,33,,,DF,ディフェンダー
日本,J3,松本山雅,二ノ宮 慈洋,日本,23,,,DF,ディフェンダー
日本,J3,松本山雅,樋口 大輝,日本,20,,,DF,ディフェンダー
日本,J3,松本山雅,野々村 鷹人,日本,26,,,DF,ディフェンダー
日本,J3,松本山雅,チアゴ サンタナ,ブラジル,32,,,DF,ディフェンダー
日本,J3,松本山雅,本間 ジャスティン,日本,19,,,DF,ディフェンダー
日本,J3,松本山雅,菊井 悠介,日本,25,,,MF,ミッドフィールダー
日本,J3,松本山雅,石山 青空,日本,19,,,MF,ミッドフィールダー
日本,J3,松本山雅,山本 康裕,日本,35,,,MF,ミッドフィールダー
日本,J3,松本山雅,大橋 尚志,日本,28,,,MF,ミッドフィールダー
日本,J3,松本山雅,前田 陸王,日本,22,,,MF,ミッドフィールダー
日本,J3,松本山雅,滝 裕太,日本,25,,,MF,ミッドフィールダー
日本,J3,松本山雅,國分 龍司,日本,24,,,MF,ミッドフィールダー
日本,J3,松本山雅,伊藤 陸音,日本,18,,,MF,ミッドフィールダー
日本,J3,松本山雅,松村 厳,日本,20,,,MF,ミッドフィールダー
日本,J3,松本山雅,村越 凱光,日本,24,,,MF,ミッドフィールダー
日本,J3,松本山雅,安永 玲央,日本,24,,,MF,ミッドフィールダー
日本,J3,松本山雅,浅川 隼人,日本,30,,,FW,フォワード
日本,J3,松本山雅,安藤 翼,日本,29,,,FW,フォワード
日本,J3,松本山雅,ルーカス バルガス,ブラジル,24,,,FW,フォワード
日本,J3,松本山雅,田中 想来,日本,20,,,FW,フォワード
日本,J3,AC長野パルセイロ,田尻 健,日本,32,182cm,80kg,GK,ゴールキーパー
日本,J3,AC長野パルセイロ,松原 颯汰,日本,22,182cm,74kg,GK,ゴールキーパー
日本,J3,AC長野パルセイロ,牧野 虎太郎,日本,22,188cm,80kg,GK,ゴールキーパー
日本,J3,AC長野パルセイロ,砂森 和也,日本,35,172cm,68kg,DF,ディフェンダー
日本,J3,AC長野パルセイロ,三田 尚希,日本,32,176cm,69kg,DF,ディフェンダー
日本,J3,AC長野パルセイロ,石井 光輝,日本,25,181cm,76kg,DF,ディフェンダー
日本,J3,AC長野パルセイロ,近藤 貴司,日本,33,170cm,65kg,DF,ディフェンダー
日本,J3,AC長野パルセイロ,大野 佑哉,日本,29,180cm,78kg,DF,ディフェンダー
日本,J3,AC長野パルセイロ,行德 瑛,日本,20,185cm,79kg,DF,ディフェンダー
日本,J3,AC長野パルセイロ,忽那 喬司,日本,28,178cm,73kg,DF,ディフェンダー
日本,J3,AC長野パルセイロ,加藤 弘堅,日本,35,177cm,70kg,MF,ミッドフィールダー
日本,J3,AC長野パルセイロ,進 昂平,日本,30,174cm,70kg,MF,ミッドフィールダー
日本,J3,AC長野パルセイロ,浮田 健誠,日本,28,176cm,72kg,MF,ミッドフィールダー
日本,J3,AC長野パルセイロ,田中 康介,日本,25,173cm,69kg,MF,ミッドフィールダー
日本,J3,AC長野パルセイロ,長谷川 雄志,日本,28,177cm,70kg,MF,ミッドフィールダー
日本,J3,AC長野パルセイロ,山中 麗央,日本,26,172cm,65kg,MF,ミッドフィールダー
日本,J3,AC長野パルセイロ,樋口 叶,日本,24,175cm,70kg,MF,ミッドフィールダー
日本,J3,AC長野パルセイロ,安藤 一哉,日本,28,175cm,68kg,MF,ミッドフィールダー
日本,J3,AC長野パルセイロ,加納 大,日本,22,170cm,65kg,MF,ミッドフィールダー
日本,J3,AC長野パルセイロ,小西 陽向,日本,24,170cm,64kg,MF,ミッドフィールダー
日本,J3,AC長野パルセイロ,古賀 俊太郎,日本,26,173cm,67kg,MF,ミッドフィールダー
日本,J3,AC長野パルセイロ,鈴木 悠太,日本,27,172cm,68kg,MF,ミッドフィールダー
日本,J3,AC長野パルセイロ,イ スンウォン,韓国,22,170cm,65kg,MF,ミッドフィールダー
日本,J3,AC長野パルセイロ,イム ジフン,韓国,24,183cm,72kg,MF,ミッドフィールダー
日本,J3,AC長野パルセイロ,工藤 駿,日本,23,170cm,66kg,MF,ミッドフィールダー
日本,J3,AC長野パルセイロ,吉田 桂介,日本,23,170cm,68kg,MF,ミッドフィールダー
日本,J3,AC長野パルセイロ,藤森 亮志,日本,28,172cm,69kg,MF,ミッドフィールダー
日本,J3,AC長野パルセイロ,伊藤 恵亮,日本,24,178cm,75kg,FW,フォワード
日本,J3,AC長野パルセイロ,藤川 虎太朗,日本,27,164cm,62kg,FW,フォワード
日本,J3,鹿児島ユナイテッド,藤嶋 栄介,日本,33,186cm,85kg,GK,ゴールキーパー
日本,J3,鹿児島ユナイテッド,山内 康太,日本,25,187cm,,GK,ゴールキーパー
日本,J3,鹿児島ユナイテッド,熊倉 匠,日本,24,,,GK,ゴールキーパー
日本,J3,鹿児島ユナイテッド,岡別府 陽輝,日本,,,,GK,ゴールキーパー
日本,J3,鹿児島ユナイテッド,青木 義孝,日本,26,,,DF,ディフェンダー
日本,J3,鹿児島ユナイテッド,谷田 壮志朗,日本,19,,,DF,ディフェンダー
日本,J3,鹿児島ユナイテッド,ヘナン,ブラジル,,,,DF,ディフェンダー
日本,J3,鹿児島ユナイテッド,杉井 颯,日本,25,,,DF,ディフェンダー
日本,J3,鹿児島ユナイテッド,川島 功奨,日本,23,,,DF,ディフェンダー
日本,J3,鹿児島ユナイテッド,相馬 丞,日本,23,,,DF,ディフェンダー
日本,J3,鹿児島ユナイテッド,丸山 哲新,日本,,,,DF,ディフェンダー
日本,J3,鹿児島ユナイテッド,広瀬 健太,日本,33,,,DF,ディフェンダー
日本,J3,鹿児島ユナイテッド,ジョアオ,ブラジル,22,,,MF,ミッドフィールダー
日本,J3,鹿児島ユナイテッド,岡崎 慎,日本,27,,,MF,ミッドフィールダー
日本,J3,鹿児島ユナイテッド,小島 凛士郎,日本,20,,,MF,ミッドフィールダー
日本,J3,鹿児島ユナイテッド,稲葉 修土,日本,31,,,MF,ミッドフィールダー
日本,J3,鹿児島ユナイテッド,藤村 慶太,日本,32,,,MF,ミッドフィールダー
日本,J3,鹿児島ユナイテッド,井堀 ニ昭,日本,19,,,MF,ミッドフィールダー
日本,J3,鹿児島ユナイテッド,千布 一輝,日本,24,,,MF,ミッドフィールダー
日本,J3,鹿児島ユナイテッド,山口 卓己,日本,24,,,MF,ミッドフィールダー
日本,J3,鹿児島ユナイテッド,渡邊 英祐,日本,21,,,MF,ミッドフィールダー
日本,J3,鹿児島ユナイテッド,圓道 将良,日本,26,,,MF,ミッドフィールダー
日本,J3,鹿児島ユナイテッド,吉尾 虹樹,日本,24,,,MF,ミッドフィールダー
日本,J3,鹿児島ユナイテッド,山﨑 倫,日本,22,,,MF,ミッドフィールダー
日本,J3,鹿児島ユナイテッド,田中 稔也,日本,27,,,MF,ミッドフィールダー
日本,J3,鹿児島ユナイテッド,木下 海斗,日本,,,,MF,ミッドフィールダー
日本,J3,鹿児島ユナイテッド,河村 慶人,日本,23,,,FW,フォワード
日本,J3,鹿児島ユナイテッド,アンジェロッティ,ブラジル,,,,FW,フォワード
日本,J3,鹿児島ユナイテッド,近藤 慶一,日本,23,,,FW,フォワード
日本,J3,鹿児島ユナイテッド,ンドカ チャールス,日本,27,,,FW,フォワード
日本,J3,鹿児島ユナイテッド,武 星弥,日本,21,,,FW,フォワード
日本,J3,鹿児島ユナイテッド,福田 望久斗,日本,25,,,FW,フォワード
日本,J3,鹿児島ユナイテッド,米澤 令衣,日本,29,,,FW,フォワード
日本,J3,テゲバジャーロ宮崎,清水 羅偉,日本,26,,,GK,ゴールキーパー
日本,J3,テゲバジャーロ宮崎,イ チュンウォン,韓国,20,,,GK,ゴールキーパー
日本,J3,テゲバジャーロ宮崎,春名 竜聖,日本,21,,,GK,ゴールキーパー
日本,J3,テゲバジャーロ宮崎,青木 心,日本,25,,,GK,ゴールキーパー
日本,J3,テゲバジャーロ宮崎,青山 生,日本,29,,,DF,ディフェンダー
日本,J3,テゲバジャーロ宮崎,櫻井 風我,日本,24,,,DF,ディフェンダー
日本,J3,テゲバジャーロ宮崎,長友 海翔,日本,23,,,DF,ディフェンダー
日本,J3,テゲバジャーロ宮崎,キム ゴンヨン,韓国,22,,,DF,ディフェンダー
日本,J3,テゲバジャーロ宮崎,松本 雄真,日本,25,,,DF,ディフェンダー
日本,J3,テゲバジャーロ宮崎,横窪 皇太,日本,23,,,DF,ディフェンダー
日本,J3,テゲバジャーロ宮崎,眞鍋 旭輝,日本,27,,,DF,ディフェンダー
日本,J3,テゲバジャーロ宮崎,黒木 謙吾,日本,25,,,DF,ディフェンダー
日本,J3,テゲバジャーロ宮崎,江川 慶城,日本,25,,,DF,ディフェンダー
日本,J3,テゲバジャーロ宮崎,森田 礼,日本,24,,,DF,ディフェンダー
日本,J3,テゲバジャーロ宮崎,田中 誠太郎,日本,22,180cm,75kg,DF,ディフェンダー
日本,J3,テゲバジャーロ宮崎,加藤 匠人,日本,26,,,MF,ミッドフィールダー
日本,J3,テゲバジャーロ宮崎,大熊 健太,日本,28,,,MF,ミッドフィールダー
日本,J3,テゲバジャーロ宮崎,魚里 直哉,日本,29,,,MF,ミッドフィールダー
日本,J3,テゲバジャーロ宮崎,力安 祥伍,日本,26,,,MF,ミッドフィールダー
日本,J3,テゲバジャーロ宮崎,井上 怜,日本,24,,,MF,ミッドフィールダー
日本,J3,テゲバジャーロ宮崎,中野 桂太,日本,22,,,MF,ミッドフィールダー
日本,J3,テゲバジャーロ宮崎,五月田 星矢,日本,23,,,MF,ミッドフィールダー
日本,J3,テゲバジャーロ宮崎,高瀬 生聖,日本,23,,,MF,ミッドフィールダー
日本,J3,テゲバジャーロ宮崎,阿野 真拓,日本,21,,,MF,ミッドフィールダー
日本,J3,テゲバジャーロ宮崎,河合 駿樹,日本,22,,,MF,ミッドフィールダー
日本,J3,テゲバジャーロ宮崎,下川 陽太,日本,29,,,MF,ミッドフィールダー
日本,J3,テゲバジャーロ宮崎,坂井 駿也,日本,21,,,MF,ミッドフィールダー
日本,J3,テゲバジャーロ宮崎,奥村 晃司,日本,26,,,MF,ミッドフィールダー
日本,J3,テゲバジャーロ宮崎,安田 虎士朗,日本,21,,,MF,ミッドフィールダー
日本,J3,テゲバジャーロ宮崎,橋本 啓吾,日本,26,,,FW,フォワード
日本,J3,テゲバジャーロ宮崎,吉澤 柊,日本,26,,,FW,フォワード
日本,J3,テゲバジャーロ宮崎,渡邉 星来,日本,21,,,FW,フォワード
日本,J3,テゲバジャーロ宮崎,安藤 陸登,日本,18,,,FW,フォワード
日本,J3,テゲバジャーロ宮崎,松本 ケン チザンガ,日本,23,,,FW,フォワード
日本,J3,テゲバジャーロ宮崎,木原 仁,日本,22,,,FW,フォワード
日本,J3,FC琉球,佐藤 久弥,日本,,,,GK,ゴールキーパー
日本,J3,FC琉球,髙山 汐生,日本,24,,,GK,ゴールキーパー
日本,J3,FC琉球,小澤 章人,日本,32,,,GK,ゴールキーパー
日本,J3,FC琉球,川島 康暉,日本,25,,,GK,ゴールキーパー
日本,J3,FC琉球,菊地 脩太,日本,21,182cm,76kg,DF,ディフェンダー
日本,J3,FC琉球,藤春 廣輝,日本,36,175cm,60kg,DF,ディフェンダー
日本,J3,FC琉球,神谷 凱士,日本,,,,DF,ディフェンダー
日本,J3,FC琉球,鈴木 順也,日本,,,,DF,ディフェンダー
日本,J3,FC琉球,荒木 遼太,日本,,,,DF,ディフェンダー
日本,J3,FC琉球,後藤田 亘輝,日本,,,,DF,ディフェンダー
日本,J3,FC琉球,大和 優槻,日本,,,,DF,ディフェンダー
日本,J3,FC琉球,吉本 武,日本,23,,,DF,ディフェンダー
日本,J3,FC琉球,茂木 駿佑,日本,,,,MF,ミッドフィールダー
日本,J3,FC琉球,岩渕 良太,日本,,,,MF,ミッドフィールダー
日本,J3,FC琉球,富所 悠,日本,,,,MF,ミッドフィールダー
日本,J3,FC琉球,岩本 翔,日本,,,,MF,ミッドフィールダー
日本,J3,FC琉球,平松 昇,日本,,,,MF,ミッドフィールダー
日本,J3,FC琉球,永井 颯太,日本,,,,MF,ミッドフィールダー
日本,J3,FC琉球,佐藤 祐太,日本,30,170cm,64kg,MF,ミッドフィールダー
日本,J3,FC琉球,津覇 実樹,日本,,,,MF,ミッドフィールダー
日本,J3,FC琉球,幸喜 祐心,日本,,,,MF,ミッドフィールダー
日本,J3,FC琉球,永長 鷹虎,日本,,,,MF,ミッドフィールダー
日本,J3,FC琉球,曽田 一騎,日本,,,,FW,フォワード
日本,J3,FC琉球,佐藤 未勇,日本,,,,FW,フォワード
日本,J3,FC琉球,庵原 篤人,日本,,,,FW,フォワード
日本,J3,FC琉球,高木 大輔,日本,,,,FW,フォワード
日本,J3,FC琉球,ワッド モハメッド サディキ,カナダ,,,,FW,フォワード
日本,J3,FC琉球,真家 英嵩,日本,21,187cm,83kg,FW,フォワード
日本,J3,ギラヴァンツ北九州,伊藤 剛,日本,31,191cm,86kg,GK,ゴールキーパー
日本,J3,ギラヴァンツ北九州,田中 悠也,日本,25,,,GK,ゴールキーパー
日本,J3,ギラヴァンツ北九州,大谷 幸輝,日本,36,,,GK,ゴールキーパー
日本,J3,ギラヴァンツ北九州,谷口 璃成,日本,22,,,GK,ゴールキーパー
日本,J3,ギラヴァンツ北九州,杉本 光希,日本,23,,,GK,ゴールキーパー
日本,J3,ギラヴァンツ北九州,長谷川 光基,日本,26,,,DF,ディフェンダー
日本,J3,ギラヴァンツ北九州,東 廉太,日本,21,,,DF,ディフェンダー
日本,J3,ギラヴァンツ北九州,山脇 樺織,日本,24,,,DF,ディフェンダー
日本,J3,ギラヴァンツ北九州,坂本 翔,日本,24,,,DF,ディフェンダー
日本,J3,ギラヴァンツ北九州,世良 務,日本,19,,,DF,ディフェンダー
日本,J3,ギラヴァンツ北九州,辻岡 佑真,日本,23,,,DF,ディフェンダー
日本,J3,ギラヴァンツ北九州,杉山 耕二,日本,27,,,DF,ディフェンダー
日本,J3,ギラヴァンツ北九州,坂本 稀吏也,日本,22,,,DF,ディフェンダー
日本,J3,ギラヴァンツ北九州,星 広太,日本,32,,,MF,ミッドフィールダー
日本,J3,ギラヴァンツ北九州,平原 隆暉,日本,22,,,MF,ミッドフィールダー
日本,J3,ギラヴァンツ北九州,町田 也真人,日本,35,,,MF,ミッドフィールダー
日本,J3,ギラヴァンツ北九州,喜山 康平,日本,37,,,MF,ミッドフィールダー
日本,J3,ギラヴァンツ北九州,井澤 春輝,日本,26,,,MF,ミッドフィールダー
日本,J3,ギラヴァンツ北九州,岡野 凜平,日本,24,,,MF,ミッドフィールダー
日本,J3,ギラヴァンツ北九州,矢田 旭,日本,34,,,MF,ミッドフィールダー
日本,J3,ギラヴァンツ北九州,牛之濵 拓,日本,32,,,MF,ミッドフィールダー
日本,J3,ギラヴァンツ北九州,木實 快斗,日本,18,,,MF,ミッドフィールダー
日本,J3,ギラヴァンツ北九州,高柳 郁弥,日本,24,,,MF,ミッドフィールダー
日本,J3,ギラヴァンツ北九州,高吉 正真,日本,24,,,MF,ミッドフィールダー
日本,J3,ギラヴァンツ北九州,河辺 駿太郎,日本,29,,,FW,フォワード
日本,J3,ギラヴァンツ北九州,永井 龍,日本,34,,,FW,フォワード
日本,J3,ギラヴァンツ北九州,渡邉 颯太,日本,23,,,FW,フォワード
日本,J3,ギラヴァンツ北九州,吉原 楓人,日本,18,,,FW,フォワード
日本,J3,ギラヴァンツ北九州,吉長 真優,日本,23,,,FW,フォワード
日本,J3,ギラヴァンツ北九州,坪郷 来紀,日本,20,,,FW,フォワード
日本,J3,ギラヴァンツ北九州,高 昇辰,韓国,24,,,FW,フォワード
日本,J3,ギラヴァンツ北九州,駒沢 直哉,日本,,,,FW,フォワード
日本,J3,ギラヴァンツ北九州,樺山 諒乃介,日本,22,,,FW,フォワード
日本,J3,ヴァンラーレ八戸,大西 勝俉,日本,,,,GK,ゴールキーパー
日本,J3,ヴァンラーレ八戸,谷口 裕介,日本,29,,,GK,ゴールキーパー
日本,J3,ヴァンラーレ八戸,後東 尚輝,日本,23,,,GK,ゴールキーパー
日本,J3,ヴァンラーレ八戸,稲積 大介,日本,28,,,DF,ディフェンダー
日本,J3,ヴァンラーレ八戸,雪江 悠人,日本,,,,DF,ディフェンダー
日本,J3,ヴァンラーレ八戸,速水 修平,日本,,,,DF,ディフェンダー
日本,J3,ヴァンラーレ八戸,白井 達也,日本,,,,DF,ディフェンダー
日本,J3,ヴァンラーレ八戸,加藤 慎太郎,日本,,,,DF,ディフェンダー
日本,J3,ヴァンラーレ八戸,近石 哲平,日本,,,,DF,ディフェンダー
日本,J3,ヴァンラーレ八戸,柳下 大樹,日本,,,,DF,ディフェンダー
日本,J3,ヴァンラーレ八戸,佐藤 碧,日本,,,,DF,ディフェンダー
日本,J3,ヴァンラーレ八戸,蓑田 広大,日本,25,,,DF,ディフェンダー
日本,J3,ヴァンラーレ八戸,安藤 由翔,日本,,,,MF,ミッドフィールダー
日本,J3,ヴァンラーレ八戸,高橋 耕平,日本,,,,MF,ミッドフィールダー
日本,J3,ヴァンラーレ八戸,音泉 翔眞,日本,,,,MF,ミッドフィールダー
日本,J3,ヴァンラーレ八戸,井波 勇太,日本,,,,MF,ミッドフィールダー
日本,J3,ヴァンラーレ八戸,永田 一真,日本,,,,MF,ミッドフィールダー
日本,J3,ヴァンラーレ八戸,土井 紅貴,日本,,,,MF,ミッドフィールダー
日本,J3,ヴァンラーレ八戸,脇坂 崚平,日本,26,174cm,68kg,MF,ミッドフィールダー
日本,J3,ヴァンラーレ八戸,澤上 竜二,日本,,,,FW,フォワード
日本,J3,ヴァンラーレ八戸,妹尾 直哉,日本,,,,FW,フォワード
日本,J3,ヴァンラーレ八戸,ピーダーセン 世穏,日本,,,,FW,フォワード
日本,J3,ヴァンラーレ八戸,鏑木 瑞生,日本,,173cm,69kg,FW,フォワード
日本,J3,ヴァンラーレ八戸,ターレス,ブラジル,,,,FW,フォワード
日本,J3,ヴァンラーレ八戸,高尾 流星,日本,,,,FW,フォワード
日本,J3,ヴァンラーレ八戸,中野 誠也,日本,,,,FW,フォワード
日本,J3,ツエーゲン金沢,白井 裕人,日本,,,,GK,ゴールキーパー
日本,J3,ツエーゲン金沢,山ノ井 拓己,日本,,,,GK,ゴールキーパー
日本,J3,ツエーゲン金沢,上田 樹,日本,,,,GK,ゴールキーパー
日本,J3,ツエーゲン金沢,久保 賢也,日本,23,183cm,78kg,GK,ゴールキーパー
日本,J3,ツエーゲン金沢,長峰 祐斗,日本,,,,DF,ディフェンダー
日本,J3,ツエーゲン金沢,畑尾 大翔,日本,,,,DF,ディフェンダー
日本,J3,ツエーゲン金沢,松本 大輔,日本,,,,DF,ディフェンダー
日本,J3,ツエーゲン金沢,櫻井 風我,日本,,,,DF,ディフェンダー
日本,J3,ツエーゲン金沢,ジェフェルソン,ブラジル,,,,DF,ディフェンダー
日本,J3,ツエーゲン金沢,毛利 駿也,日本,,,,DF,ディフェンダー
日本,J3,ツエーゲン金沢,小島 雅也,日本,,,,DF,ディフェンダー
日本,J3,ツエーゲン金沢,宮崎 海冬,日本,,,,DF,ディフェンダー
日本,J3,ツエーゲン金沢,平 智広,日本,,,,DF,ディフェンダー
日本,J3,ツエーゲン金沢,塚元 大,日本,,,,MF,ミッドフィールダー
日本,J3,ツエーゲン金沢,西谷 優希,日本,,,,MF,ミッドフィールダー
日本,J3,ツエーゲン金沢,杉浦 恭平,日本,,,,MF,ミッドフィールダー
日本,J3,ツエーゲン金沢,沖崎 颯,日本,24,175cm,67kg,MF,ミッドフィールダー
日本,J3,ツエーゲン金沢,熊谷 アンドリュー,日本,,,,MF,ミッドフィールダー
日本,J3,ツエーゲン金沢,大谷 駿斗,日本,,,,MF,ミッドフィールダー
日本,J3,ツエーゲン金沢,パトリック,ブラジル,,,,FW,フォワード
日本,J3,ツエーゲン金沢,長倉 颯,日本,,,,FW,フォワード
日本,J3,ツエーゲン金沢,大澤 朋也,日本,22,175cm,72kg,FW,フォワード
日本,J3,ツエーゲン金沢,西谷 和希,日本,,,,FW,フォワード
日本,J3,FC大阪,山本 透衣,日本,24,185cm,80kg,GK,ゴールキーパー
日本,J3,FC大阪,古賀 貴大,日本,26,193cm,,GK,ゴールキーパー
日本,J3,FC大阪,菅原 大道,日本,29,,,GK,ゴールキーパー
日本,J3,FC大阪,平吹 楽,日本,25,,,GK,ゴールキーパー
日本,J3,FC大阪,川上 竜,日本,30,177cm,73kg,DF,ディフェンダー
日本,J3,FC大阪,山下 諒時,日本,25,180cm,75kg,DF,ディフェンダー
日本,J3,FC大阪,水口 湧斗,日本,25,,,DF,ディフェンダー
日本,J3,FC大阪,舘野 俊祐,日本,32,,,DF,ディフェンダー
日本,J3,FC大阪,美馬 和也,日本,27,,,DF,ディフェンダー
日本,J3,FC大阪,黒﨑 隼人,日本,28,182cm,77kg,DF,ディフェンダー
日本,J3,FC大阪,橋本 陸,日本,27,,,DF,ディフェンダー
日本,J3,FC大阪,林田 魁斗,日本,23,,,DF,ディフェンダー
日本,J3,FC大阪,秋山 拓也,日本,30,,,DF,ディフェンダー
日本,J3,FC大阪,河 智聖,韓国,21,,,DF,ディフェンダー
日本,J3,FC大阪,金 潤識,韓国,21,,,DF,ディフェンダー
日本,J3,FC大阪,木匠 貴大,日本,32,,,MF,ミッドフィールダー
日本,J3,FC大阪,芳賀 日陽,日本,24,,,MF,ミッドフィールダー
日本,J3,FC大阪,利根 瑠偉,日本,32,,,MF,ミッドフィールダー
日本,J3,FC大阪,住田 将,日本,25,181cm,73kg,MF,ミッドフィールダー
日本,J3,FC大阪,夏川 大和,日本,23,,,MF,ミッドフィールダー
日本,J3,FC大阪,増田 隼司,日本,26,,,MF,ミッドフィールダー
日本,J3,FC大阪,堀越 大蔵,日本,28,,,MF,ミッドフィールダー
日本,J3,FC大阪,佐藤 諒,日本,27,,,MF,ミッドフィールダー
日本,J3,FC大阪,武井 成豪,日本,27,,,MF,ミッドフィールダー
日本,J3,FC大阪,申 東旻,韓国,22,,,MF,ミッドフィールダー
日本,J3,FC大阪,禹 相皓,韓国,32,,,MF,ミッドフィールダー
日本,J3,FC大阪,堤 奏一郎,日本,23,,,MF,ミッドフィールダー
日本,J3,FC大阪,島田 拓海,日本,28,,,FW,フォワード
日本,J3,FC大阪,久保 吏久斗,日本,28,,,FW,フォワード
日本,J3,FC大阪,和田 育,日本,24,,,FW,フォワード
日本,J3,FC大阪,澤崎 凌大,日本,23,,,FW,フォワード
日本,J3,FC大阪,石橋 克之,日本,23,,,FW,フォワード
日本,J3,FC大阪,アヴェレーテ・イーブス,日本,22,,,FW,フォワード
日本,J3,FC大阪,望月 想空,日本,24,,,FW,フォワード
日本,J3,FC大阪,西村 真祈,日本,23,,,FW,フォワード
日本,J3,FC大阪,松本 孝平,日本,30,,,FW,フォワード
日本,J3,FC大阪,ヴィニシウス・ソウザ,ブラジル,22,,,FW,フォワード
日本,J3,福島ユナイテッドFC,上田 智輝,日本,,182cm,80kg,GK,ゴールキーパー
日本,J3,福島ユナイテッドFC,吉丸 絢梓,日本,,183cm,,GK,ゴールキーパー
日本,J3,福島ユナイテッドFC,安西 駿,日本,,,,GK,ゴールキーパー
日本,J3,福島ユナイテッドFC,田中 雄大,日本,,,,GK,ゴールキーパー
日本,J3,福島ユナイテッドFC,山田 将之,日本,,,,DF,ディフェンダー
日本,J3,福島ユナイテッドFC,松長根 悠仁,日本,,,,DF,ディフェンダー
日本,J3,福島ユナイテッドFC,藤谷 匠,日本,,,,DF,ディフェンダー
日本,J3,福島ユナイテッドFC,安在 達弥,日本,,,,DF,ディフェンダー
日本,J3,福島ユナイテッドFC,野末 学,日本,,,,DF,ディフェンダー
日本,J3,福島ユナイテッドFC,鈴 直樹,日本,,,,DF,ディフェンダー
日本,J3,福島ユナイテッドFC,柴田 徹,日本,,,,DF,ディフェンダー
日本,J3,福島ユナイテッドFC,上畑 佑平士,日本,,,,MF,ミッドフィールダー
日本,J3,福島ユナイテッドFC,針谷 岳晃,日本,,,,MF,ミッドフィールダー
日本,J3,福島ユナイテッドFC,吉永 大志,日本,,,,MF,ミッドフィールダー
日本,J3,福島ユナイテッドFC,森 晃太,日本,,,,MF,ミッドフィールダー
日本,J3,福島ユナイテッドFC,宮崎 智彦,日本,,,,MF,ミッドフィールダー
日本,J3,福島ユナイテッドFC,中村 翼,日本,,,,MF,ミッドフィールダー
日本,J3,福島ユナイテッドFC,當麻 颯,日本,,,,MF,ミッドフィールダー
日本,J3,福島ユナイテッドFC,狩野 海晟,日本,,,,MF,ミッドフィールダー
日本,J3,福島ユナイテッドFC,由井 航太,日本,,,,MF,ミッドフィールダー
日本,J3,福島ユナイテッドFC,粟野 健翔,日本,,,,MF,ミッドフィールダー
日本,J3,福島ユナイテッドFC,清水 一雅,日本,,,,FW,フォワード
日本,J3,福島ユナイテッドFC,飯島 陸,日本,,,,FW,フォワード
日本,J3,福島ユナイテッドFC,矢島 輝一,日本,,,,FW,フォワード
日本,J3,福島ユナイテッドFC,城定 幹大,日本,,,,FW,フォワード
日本,J3,福島ユナイテッドFC,石井 稜真,日本,,,,FW,フォワード
日本,J3,福島ユナイテッドFC,樋口 寛規,日本,,,,FW,フォワード
日本,J3,高知ユナイテッドSC,黒川 雷平,日本,22,188cm,81kg,GK,ゴールキーパー
日本,J3,高知ユナイテッドSC,井上 聖也,日本,25,185cm,80kg,GK,ゴールキーパー
日本,J3,高知ユナイテッドSC,大杉 啓,日本,28,184cm,78kg,GK,ゴールキーパー
日本,J3,高知ユナイテッドSC,伊藤 龍世,日本,24,,,GK,ゴールキーパー
日本,J3,高知ユナイテッドSC,吉田 晴稀,日本,24,175cm,70kg,DF,ディフェンダー
日本,J3,高知ユナイテッドSC,田辺 陽太,日本,23,180cm,75kg,DF,ディフェンダー
日本,J3,高知ユナイテッドSC,小林 大智,日本,26,178cm,73kg,DF,ディフェンダー
日本,J3,高知ユナイテッドSC,ジョン・ガブリエル,ブラジル,29,190cm,85kg,DF,ディフェンダー
日本,J3,高知ユナイテッドSC,佐々木 敦河,日本,23,,,DF,ディフェンダー
日本,J3,高知ユナイテッドSC,下堂 竜聖,日本,28,,,DF,ディフェンダー
日本,J3,高知ユナイテッドSC,岡本 定,日本,23,,,DF,ディフェンダー
日本,J3,高知ユナイテッドSC,小松 京平,日本,22,,,DF,ディフェンダー
日本,J3,高知ユナイテッドSC,新谷 歩夢,日本,22,,,DF,ディフェンダー
日本,J3,高知ユナイテッドSC,三好 果宿,日本,23,,,DF,ディフェンダー
日本,J3,高知ユナイテッドSC,高野 瀬登,日本,27,170cm,65kg,MF,ミッドフィールダー
日本,J3,高知ユナイテッドSC,金井 冬土,日本,24,176cm,66kg,MF,ミッドフィールダー
日本,J3,高知ユナイテッドSC,宇田 光史朗,日本,20,176cm,69kg,MF,ミッドフィールダー
日本,J3,高知ユナイテッドSC,弓場 大輝,日本,23,,,MF,ミッドフィールダー
日本,J3,高知ユナイテッドSC,内山 優音,日本,22,,,MF,ミッドフィールダー
日本,J3,高知ユナイテッドSC,岡澤 アキラ,日本,24,,,MF,ミッドフィールダー
日本,J3,高知ユナイテッドSC,朴 龍二,韓国,25,171cm,62kg,MF,ミッドフィールダー
日本,J3,高知ユナイテッドSC,原田 大地,日本,24,,,MF,ミッドフィールダー
日本,J3,高知ユナイテッドSC,児玉 壮琉,日本,22,,,MF,ミッドフィールダー
日本,J3,高知ユナイテッドSC,田口 光樹,日本,22,,,MF,ミッドフィールダー
日本,J3,高知ユナイテッドSC,梁 賢柱,韓国,27,180cm,75kg,FW,フォワード
日本,J3,高知ユナイテッドSC,小林 心,日本,24,171cm,67kg,FW,フォワード
日本,J3,高知ユナイテッドSC,福田 稜,日本,25,,,FW,フォワード
日本,J3,高知ユナイテッドSC,東家 聡樹,日本,28,186cm,76kg,FW,フォワード
日本,J3,高知ユナイテッドSC,水野 颯太,日本,25,173cm,68kg,FW,フォワード
日本,J3,高知ユナイテッドSC,杉山 伶央,日本,25,181cm,76kg,FW,フォワード
日本,J3,カマタマーレ讃岐,今村 俊介,日本,,187cm,82kg,GK,ゴールキーパー
日本,J3,カマタマーレ讃岐,高橋 拓也,日本,,181cm,70kg,GK,ゴールキーパー
日本,J3,カマタマーレ讃岐,飯田 雅浩,日本,,185cm,82kg,GK,ゴールキーパー
日本,J3,カマタマーレ讃岐,内田 瑞己,日本,,177cm,72kg,DF,ディフェンダー
日本,J3,カマタマーレ讃岐,井林 章,日本,,180cm,78kg,DF,ディフェンダー
日本,J3,カマタマーレ讃岐,小松 拓幹,日本,,185cm,80kg,DF,ディフェンダー
日本,J3,カマタマーレ讃岐,宮市 剛,日本,,186cm,77kg,DF,ディフェンダー
日本,J3,カマタマーレ讃岐,吉田 陣平,日本,,175cm,70kg,DF,ディフェンダー
日本,J3,カマタマーレ讃岐,田尾 佳祐,日本,,182cm,78kg,DF,ディフェンダー
日本,J3,カマタマーレ讃岐,左合 修土,日本,,174cm,67kg,DF,ディフェンダー
日本,J3,カマタマーレ讃岐,藤井 葉大,日本,,187cm,80kg,DF,ディフェンダー
日本,J3,カマタマーレ讃岐,附木 雄也,日本,,183cm,80kg,DF,ディフェンダー
日本,J3,カマタマーレ讃岐,長谷川 隼,日本,,178cm,70kg,MF,ミッドフィールダー
日本,J3,カマタマーレ讃岐,江口 直生,日本,,172cm,68kg,MF,ミッドフィールダー
日本,J3,カマタマーレ讃岐,森 勇人,日本,,175cm,68kg,MF,ミッドフィールダー
日本,J3,カマタマーレ讃岐,前川 大河,日本,,171cm,66kg,MF,ミッドフィールダー
日本,J3,カマタマーレ讃岐,牧山 晃政,日本,,170cm,65kg,MF,ミッドフィールダー
日本,J3,カマタマーレ讃岐,宇都木 峻,日本,,172cm,65kg,MF,ミッドフィールダー
日本,J3,カマタマーレ讃岐,河上 将平,日本,,170cm,65kg,MF,ミッドフィールダー
日本,J3,カマタマーレ讃岐,柳 雄太郎,日本,,173cm,68kg,MF,ミッドフィールダー
日本,J3,カマタマーレ讃岐,石倉 潤征,日本,,170cm,68kg,MF,ミッドフィールダー
日本,J3,カマタマーレ讃岐,エドゥアルド,ブラジル,,170cm,65kg,MF,ミッドフィールダー
日本,J3,カマタマーレ讃岐,丹羽 詩温,日本,,180cm,72kg,FW,フォワード
日本,J3,カマタマーレ讃岐,川西 翔太,日本,,177cm,70kg,FW,フォワード
日本,J3,カマタマーレ讃岐,岩岸 宗志,日本,,176cm,73kg,FW,フォワード
日本,J3,カマタマーレ讃岐,上野 輝人,日本,,168cm,65kg,FW,フォワード
日本,J3,カマタマーレ讃岐,後藤 優介,日本,,180cm,70kg,FW,フォワード
日本,J3,カマタマーレ讃岐,ドゥンガ,ブラジル,,180cm,78kg,FW,フォワード
日本,J3,奈良クラブ,宮澤 樹,日本,22,184cm,78kg,GK,ゴールキーパー
日本,J3,奈良クラブ,岡田 慎司,日本,29,180cm,78kg,GK,ゴールキーパー
日本,J3,奈良クラブ,関沼 海亜,日本,20,183cm,,GK,ゴールキーパー
日本,J3,奈良クラブ,マルク・ビト,スペイン,29,,,GK,ゴールキーパー
日本,J3,奈良クラブ,澤田 雄大,日本,26,,,DF,ディフェンダー
日本,J3,奈良クラブ,鈴木 大誠,日本,29,,,DF,ディフェンダー
日本,J3,奈良クラブ,中山 雅斗,日本,23,,,DF,ディフェンダー
日本,J3,奈良クラブ,都並 優太,日本,33,,,DF,ディフェンダー
日本,J3,奈良クラブ,奥田 雄大,日本,28,,,DF,ディフェンダー
日本,J3,奈良クラブ,生駒 稀生,日本,27,,,DF,ディフェンダー
日本,J3,奈良クラブ,ユ・イェチャン,韓国,24,,,DF,ディフェンダー
日本,J3,奈良クラブ,佐藤 大翔,日本,22,,,DF,ディフェンダー
日本,J3,奈良クラブ,吉村 弦,日本,29,,,DF,ディフェンダー
日本,J3,奈良クラブ,タワットチャイ・インパコーン,タイ,22,,,DF,ディフェンダー
日本,J3,奈良クラブ,田村 亮介,日本,30,,,MF,ミッドフィールダー
日本,J3,奈良クラブ,堀内 颯人,日本,28,,,MF,ミッドフィールダー
日本,J3,奈良クラブ,山本 宗太朗,日本,29,,,MF,ミッドフィールダー
日本,J3,奈良クラブ,中島 賢星,日本,28,,,MF,ミッドフィールダー
日本,J3,奈良クラブ,國武 勇斗,日本,19,,,MF,ミッドフィールダー
日本,J3,奈良クラブ,戸水 利紀,アメリカ,22,,,MF,ミッドフィールダー
日本,J3,奈良クラブ,岡田 優希,日本,29,,,MF,ミッドフィールダー
日本,J3,奈良クラブ,神垣 陸,日本,26,,,MF,ミッドフィールダー
日本,J3,奈良クラブ,川井 大地,日本,18,,,MF,ミッドフィールダー
日本,J3,奈良クラブ,森田 凜,日本,23,,,MF,ミッドフィールダー
日本,J3,奈良クラブ,川谷 凪,日本,21,,,MF,ミッドフィールダー
日本,J3,奈良クラブ,酒井 達磨,日本,29,,,FW,フォワード
日本,J3,奈良クラブ,百田 真登,日本,24,,,FW,フォワード
日本,J3,奈良クラブ,田村 翔太,日本,30,,,FW,フォワード
日本,J3,奈良クラブ,関口 智也,日本,18,,,FW,フォワード
日本,J3,栃木SCSC,川田 修平,日本,,,,GK,ゴールキーパー
日本,J3,栃木SCSC,キム・ミンジュン,韓国,,,,GK,ゴールキーパー
日本,J3,栃木SCSC,丹野 研太,日本,,,,GK,ゴールキーパー
日本,J3,栃木SCSC,鹿野 修平,日本,,,,GK,ゴールキーパー
日本,J3,栃木SCSC,平松 航,日本,,,,DF,ディフェンダー
日本,J3,栃木SCSC,大森 博,日本,,181cm,77kg,DF,ディフェンダー
日本,J3,栃木SCSC,森 璃太,日本,,,,DF,ディフェンダー
日本,J3,栃木SCSC,福森 健太,日本,,,,DF,ディフェンダー
日本,J3,栃木SCSC,坂 圭祐,日本,,,,DF,ディフェンダー
日本,J3,栃木SCSC,高橋 秀典,日本,,,,DF,ディフェンダー
日本,J3,栃木SCSC,岩崎 博,日本,,,,DF,ディフェンダー
日本,J3,栃木SCSC,ラファエル,ブラジル,,,,DF,ディフェンダー
日本,J3,栃木SCSC,木邨 優人,日本,,184cm,75kg,DF,ディフェンダー
日本,J3,栃木SCSC,佐藤 祥,日本,,,,MF,ミッドフィールダー
日本,J3,栃木SCSC,揚石 琉生,日本,,179cm,70kg,MF,ミッドフィールダー
日本,J3,栃木SCSC,屋宜 和真,日本,,167cm,60kg,MF,ミッドフィールダー
日本,J3,栃木SCSC,堀内 陽太,日本,,,,MF,ミッドフィールダー
日本,J3,栃木SCSC,川田 拳登,日本,,170cm,61kg,MF,ミッドフィールダー
日本,J3,栃木SCSC,矢野 貴章,日本,,,,FW,フォワード
日本,J3,栃木SCSC,五十嵐 太陽,日本,,,,FW,フォワード
日本,J3,栃木SCSC,庄司 朗,日本,,187cm,79kg,FW,フォワード
日本,J3,栃木SCSC,太田 龍之介,日本,,185cm,76kg,FW,フォワード
日本,J3,栃木SCシティ,原田 欽庸,日本,39,,,GK,ゴールキーパー
日本,J3,栃木SCシティ,田中 勘太,日本,27,,,GK,ゴールキーパー
日本,J3,栃木SCシティ,高山 梓,日本,,,,GK,ゴールキーパー
日本,J3,栃木SCシティ,相澤 ピーター コアミ,日本,,,,GK,ゴールキーパー
日本,J3,栃木SCシティ,カルロス エドゥアルド,ブラジル,,,,DF,ディフェンダー
日本,J3,栃木SCシティ,増田 修斗,日本,,,,DF,ディフェンダー
日本,J3,栃木SCシティ,内田 錬平,日本,,,,DF,ディフェンダー
日本,J3,栃木SCシティ,奥井 諒,日本,,,,DF,ディフェンダー
日本,J3,栃木SCシティ,鈴木 隆雅,日本,,,,DF,ディフェンダー
日本,J3,栃木SCシティ,佐藤 喜生,日本,,,,DF,ディフェンダー
日本,J3,栃木SCシティ,鈴木 裕斗,日本,,,,DF,ディフェンダー
日本,J3,栃木SCシティ,梅澤 魁翔,日本,23,173cm,70kg,DF,ディフェンダー
日本,J3,栃木SCシティ,乾 貴哉,日本,,,,DF,ディフェンダー
日本,J3,栃木SCシティ,マテイ ヨニッチ,クロアチア,,,,DF,ディフェンダー
日本,J3,栃木SCシティ,森 俊貴,日本,27,178cm,,MF,ミッドフィールダー
日本,J3,栃木SCシティ,岡庭 裕貴,日本,,,,MF,ミッドフィールダー
日本,J3,栃木SCシティ,表原 玄太,日本,,,,MF,ミッドフィールダー
日本,J3,栃木SCシティ,大嶌 貴,日本,,,,MF,ミッドフィールダー
日本,J3,栃木SCシティ,関野 元弥,日本,,,,MF,ミッドフィールダー
日本,J3,栃木SCシティ,加藤 カレッティ 丈,オーストラリア,,,,MF,ミッドフィールダー
日本,J3,栃木SCシティ,土佐 陸翼,日本,,,,MF,ミッドフィールダー
日本,J3,栃木SCシティ,宇都木 峻,日本,,,,MF,ミッドフィールダー
日本,J3,栃木SCシティ,小西 慶太郎,日本,,,,MF,ミッドフィールダー
日本,J3,栃木SCシティ,都倉 賢,日本,39,,,FW,フォワード
日本,J3,栃木SCシティ,藤原 拓海,日本,26,,,FW,フォワード
日本,J3,栃木SCシティ,村越 健太,日本,28,,,FW,フォワード
日本,J3,栃木SCシティ,吉田 篤志,日本,26,,,FW,フォワード
日本,J3,栃木SCシティ,熊野 敬二郎,日本,23,,,FW,フォワード
日本,J3,栃木SCシティ,タオフィック ジブリル,ナイジェリア,27,181cm,76kg,FW,フォワード
日本,J3,栃木SCシティ,鈴木 国友,日本,,,,FW,フォワード
日本,J3,栃木SCシティ,田中 パウロ 淳一,日本,,,,FW,フォワード
日本,J3,栃木SCシティ,齋藤 恵太,日本,,,,FW,フォワード
日本,J3,栃木SCシティ,ピーター ウタカ,ナイジェリア,,,,FW,フォワード
日本,J3,栃木SCシティ,平岡 将豪,日本,,,,FW,フォワード
日本,J3,ガイナーレ鳥取,寺沢 優太,日本,31,185cm,82kg,GK,ゴールキーパー
日本,J3,ガイナーレ鳥取,櫻庭 立樹,日本,,,,GK,ゴールキーパー
日本,J3,ガイナーレ鳥取,藤田 一途,日本,,,,MF,ミッドフィールダー
日本,J3,ガイナーレ鳥取,永野 修都,日本,,,,DF,ディフェンダー
日本,J3,ガイナーレ鳥取,二階堂 正哉,日本,,,,DF,ディフェンダー
日本,J3,ガイナーレ鳥取,温井 駿斗,日本,,,,DF,ディフェンダー
日本,J3,ガイナーレ鳥取,普光院 誠,日本,,,,MF,ミッドフィールダー
日本,J3,ガイナーレ鳥取,大城 蛍,日本,,,,DF,ディフェンダー
日本,J3,ガイナーレ鳥取,棚田 遼,日本,,,,FW,フォワード
日本,J3,ガイナーレ鳥取,富樫 佑太,日本,,,,FW,フォワード
日本,J3,ガイナーレ鳥取,田中 恵太,日本,,,,MF,ミッドフィールダー
日本,J3,ガイナーレ鳥取,高柳 郁弥,日本,24,172cm,65kg,MF,ミッドフィールダー
日本,J3,ガイナーレ鳥取,曽我 大地,日本,,,,MF,ミッドフィールダー
日本,J3,ガイナーレ鳥取,東條 敦輝,日本,,,,MF,ミッドフィールダー
日本,J3,ガイナーレ鳥取,常安 澪,日本,,,,MF,ミッドフィールダー
日本,J3,ガイナーレ鳥取,清水 祐輔,日本,,,,DF,ディフェンダー
日本,J3,ガイナーレ鳥取,三木 直土,日本,,,,FW,フォワード
日本,J3,ガイナーレ鳥取,半田 航也,日本,,,,FW,フォワード
日本,J3,ガイナーレ鳥取,林 健太郎,日本,,,,MF,ミッドフィールダー
日本,J3,ガイナーレ鳥取,金浦 真樹,日本,,,,DF,ディフェンダー
日本,J3,ガイナーレ鳥取,吉田 伊吹,日本,,,,FW,フォワード
日本,J3,ガイナーレ鳥取,西田 結平,日本,,,,MF,ミッドフィールダー
日本,J3,ガイナーレ鳥取,松本 太一,日本,,,,MF,ミッドフィールダー
日本,J3,ガイナーレ鳥取,東出 壮太,日本,,,,MF,ミッドフィールダー
日本,J3,ガイナーレ鳥取,河村 匠,日本,,,,DF,ディフェンダー
日本,J3,ガイナーレ鳥取,丹羽 大地,日本,,,,DF,ディフェンダー
日本,J3,ガイナーレ鳥取,小澤 秀充,日本,,,,MF,ミッドフィールダー
日本,J3,ガイナーレ鳥取,松木 駿之介,日本,,170cm,64kg,MF,ミッドフィールダー
日本,J3,ガイナーレ鳥取,ダッジィ,,23,177cm,79kg,FW,フォワード
日本,J3,SC相模原,三浦 基瑛,日本,29,186cm,80kg,GK,ゴールキーパー
日本,J3,SC相模原,猪瀬 康介,日本,24,185cm,,GK,ゴールキーパー
日本,J3,SC相模原,ノアム バウマン,スイス,29,,,GK,ゴールキーパー
日本,J3,SC相模原,加藤 大育,日本,,,,DF,ディフェンダー
日本,J3,SC相模原,ケビン ピトリック,ドイツ,,,,DF,ディフェンダー
日本,J3,SC相模原,島川 俊郎,日本,,,,DF,ディフェンダー
日本,J3,SC相模原,田代 真一,日本,,,,DF,ディフェンダー
日本,J3,SC相模原,河野 諒祐,日本,,,,DF,ディフェンダー
日本,J3,SC相模原,高野 遼,日本,,,,DF,ディフェンダー
日本,J3,SC相模原,三鬼 海,日本,,,,DF,ディフェンダー
日本,J3,SC相模原,西久保 駿介,日本,21,,,DF,ディフェンダー
日本,J3,SC相模原,小笠原 佳祐,日本,29,177cm,72kg,DF,ディフェンダー
日本,J3,SC相模原,常田 克人,日本,,,,DF,ディフェンダー
日本,J3,SC相模原,中塩 大貴,日本,,,,DF,ディフェンダー
日本,J3,SC相模原,綿引 康,日本,,,,DF,ディフェンダー
日本,J3,SC相模原,徳永 裕大,日本,,,,MF,ミッドフィールダー
日本,J3,SC相模原,大迫 塁,日本,,,,MF,ミッドフィールダー
日本,J3,SC相模原,竹内 崇人,日本,,,,MF,ミッドフィールダー
日本,J3,SC相模原,福井 和樹,日本,,,,MF,ミッドフィールダー
日本,J3,SC相模原,杉本 蓮,日本,,,,MF,ミッドフィールダー
日本,J3,SC相模原,田中 陸,日本,26,,,MF,ミッドフィールダー
日本,J3,SC相模原,西山 拓実,日本,,,,MF,ミッドフィールダー
日本,J3,SC相模原,高井 和馬,日本,,,,MF,ミッドフィールダー
日本,J3,SC相模原,ラファエル フルタード,ブラジル,,,,FW,フォワード
日本,J3,SC相模原,武藤 雄樹,日本,,,,FW,フォワード
日本,J3,SC相模原,髙木 彰人,日本,27,,,FW,フォワード
日本,J3,SC相模原,前田 泰良,日本,,,,FW,フォワード
日本,J3,SC相模原,左部 開斗,日本,,,,FW,フォワード
日本,J3,SC相模原,加藤 拓己,日本,,,,FW,フォワード
日本,J3,SC相模原,藤沼 拓夢,日本,,,,FW,フォワード
日本,J3,SC相模原,オリグバッジョ イスマイラ,ナイジェリア,26,,,FW,フォワード
日本,J3,FC岐阜,後藤 大輝,日本,29,185cm,79kg,GK,ゴールキーパー
日本,J3,FC岐阜,キム ユゴン,韓国,19,,,DF,ディフェンダー
日本,J3,FC岐阜,野澤 陸,日本,26,,,DF,ディフェンダー
日本,J3,FC岐阜,甲斐 健太郎,日本,30,181cm,65kg,DF,ディフェンダー
日本,J3,FC岐阜,石田 崚真,日本,29,,,DF,ディフェンダー
日本,J3,FC岐阜,萩野 滉大,日本,25,,,DF,ディフェンダー
日本,J3,FC岐阜,大串 昇平,日本,22,,,DF,ディフェンダー
日本,J3,FC岐阜,寺阪 尚悟,日本,21,,,DF,ディフェンダー
日本,J3,FC岐阜,平瀬 大,日本,,,,DF,ディフェンダー
日本,J3,FC岐阜,外山 凌,日本,,,,DF,ディフェンダー
日本,J3,FC岐阜,山田 直輝,日本,34,,,MF,ミッドフィールダー
日本,J3,FC岐阜,粟飯原 尚平,日本,,178cm,75kg,MF,ミッドフィールダー
日本,J3,FC岐阜,松本 歩夢,日本,,179cm,68kg,MF,ミッドフィールダー
日本,J3,ザスパ群馬,近藤 壱成,日本,24,,,GK,ゴールキーパー
日本,J3,ザスパ群馬,キム ジェヒ,韓国,,,,GK,ゴールキーパー
日本,J3,ザスパ群馬,真木 晃平,日本,26,,,GK,ゴールキーパー
日本,J3,ザスパ群馬,志賀 一允,日本,24,,,GK,ゴールキーパー
日本,J3,ザスパ群馬,田頭 亮太,日本,23,,,DF,ディフェンダー
日本,J3,ザスパ群馬,大畑 隆也,日本,,,,DF,ディフェンダー
日本,J3,ザスパ群馬,船橋 勇真,日本,,,,DF,ディフェンダー
日本,J3,ザスパ群馬,菊地 健太,日本,,,,DF,ディフェンダー
日本,J3,ザスパ群馬,高橋 勇利也,日本,,,,DF,ディフェンダー
日本,J3,ザスパ群馬,中野 力瑠,日本,,,,DF,ディフェンダー
日本,J3,ザスパ群馬,小柳 達司,日本,,,,DF,ディフェンダー
日本,J3,ザスパ群馬,野瀬 翔也,日本,,,,DF,ディフェンダー
日本,J3,ザスパ群馬,秋元 琉星,日本,,,,DF,ディフェンダー
日本,J3,ザスパ群馬,新井 夢功,日本,,,,DF,ディフェンダー
日本,J3,ザスパ群馬,米原 秀亮,日本,27,,,MF,ミッドフィールダー
日本,J3,ザスパ群馬,西村 恭史,日本,25,,,MF,ミッドフィールダー
日本,J3,ザスパ群馬,山内 陸,日本,25,,,MF,ミッドフィールダー
日本,J3,ザスパ群馬,加々美 登生,日本,25,,,MF,ミッドフィールダー
日本,J3,ザスパ群馬,風間 宏希,日本,34,,,MF,ミッドフィールダー
日本,J3,ザスパ群馬,山中 惇希,日本,24,,,MF,ミッドフィールダー
日本,J3,ザスパ群馬,モハマド ファルザン佐名,日本,,,,MF,ミッドフィールダー
日本,J3,ザスパ群馬,下川 太陽,日本,23,,,MF,ミッドフィールダー
日本,J3,ザスパ群馬,藤村 怜,日本,26,,,MF,ミッドフィールダー
日本,J3,ザスパ群馬,玉城 大志,日本,26,,,MF,ミッドフィールダー
日本,J3,ザスパ群馬,安達 秀都,日本,20,,,MF,ミッドフィールダー
日本,J3,ザスパ群馬,瀬畠 義成,日本,24,,,MF,ミッドフィールダー
日本,J3,ザスパ群馬,青木 翔大,日本,34,183cm,75kg,FW,フォワード
日本,J3,ザスパ群馬,髙澤 優也,日本,28,,,FW,フォワード
日本,J3,ザスパ群馬,田中 翔太,日本,24,,,FW,フォワード
日本,J3,ザスパ群馬,小野関 虎之介,日本,21,,,FW,フォワード
日本,J3,ザスパ群馬,河田 篤秀,日本,32,,,FW,フォワード
日本,J3,ザスパ群馬,小西 宏登,日本,22,,,FW,フォワード
日本,J3,ザスパ群馬,中島 大嘉,日本,23,,,FW,フォワード
日本,J3,アスルクラロ沼津,渡辺 健太,日本,27,190cm,84kg,GK,ゴールキーパー
日本,J3,アスルクラロ沼津,前田 宙杜,日本,22,188cm,86kg,GK,ゴールキーパー
日本,J3,アスルクラロ沼津,ジローン ゲギム,ドイツ,20,193cm,88kg,GK,ゴールキーパー
日本,J3,アスルクラロ沼津,山田 晃士,日本,26,181cm,82kg,GK,ゴールキーパー
日本,J3,アスルクラロ沼津,宮脇 茂夫,日本,23,172cm,68kg,DF,ディフェンダー
日本,J3,アスルクラロ沼津,ルーカス セナ,ブラジル,24,172cm,68kg,DF,ディフェンダー
日本,J3,アスルクラロ沼津,グスタボ リッシ,ブラジル,27,184cm,77kg,DF,ディフェンダー
日本,J3,アスルクラロ沼津,篠崎 輝和,日本,27,180cm,70kg,DF,ディフェンダー
日本,J3,アスルクラロ沼津,中村 勇太,日本,25,182cm,77kg,DF,ディフェンダー
日本,J3,アスルクラロ沼津,三原 秀真,日本,23,172cm,68kg,DF,ディフェンダー
日本,J3,アスルクラロ沼津,一丸 大地,日本,23,175cm,72kg,DF,ディフェンダー
日本,J3,アスルクラロ沼津,井上 航希,日本,24,190cm,78kg,DF,ディフェンダー
日本,J3,アスルクラロ沼津,勝又 大地,日本,18,184cm,72kg,DF,ディフェンダー
日本,J3,アスルクラロ沼津,遠山 悠希,日本,21,171cm,70kg,MF,ミッドフィールダー
日本,J3,アスルクラロ沼津,沼田 航征,日本,23,177cm,69kg,MF,ミッドフィールダー
日本,J3,アスルクラロ沼津,鈴木 拳士郎,日本,29,178cm,77kg,MF,ミッドフィールダー
日本,J3,アスルクラロ沼津,佐藤 尚輝,日本,29,172cm,67kg,MF,ミッドフィールダー
日本,J3,アスルクラロ沼津,森 夢真,日本,23,170cm,73kg,MF,ミッドフィールダー
日本,J3,アスルクラロ沼津,渡井 翔琉,日本,23,173cm,68kg,MF,ミッドフィールダー
日本,J3,アスルクラロ沼津,徳永 晃太郎,日本,28,167cm,62kg,MF,ミッドフィールダー
日本,J3,アスルクラロ沼津,藤井 建悟,日本,22,172cm,68kg,MF,ミッドフィールダー
日本,J3,アスルクラロ沼津,菅井 拓也,日本,33,170cm,67kg,MF,ミッドフィールダー
日本,J3,アスルクラロ沼津,柳町 魁耀,日本,23,175cm,68kg,MF,ミッドフィールダー
日本,J3,アスルクラロ沼津,井出 龍志,日本,23,173cm,64kg,MF,ミッドフィールダー
日本,J3,アスルクラロ沼津,川村 悠祐,日本,22,166cm,60kg,MF,ミッドフィールダー
日本,J3,アスルクラロ沼津,向井 ひな太,日本,23,162cm,65kg,MF,ミッドフィールダー
日本,J3,アスルクラロ沼津,中野 遥翔,日本,17,179cm,68kg,MF,ミッドフィールダー
日本,J3,アスルクラロ沼津,岩崎 圭吾,日本,20,175cm,66kg,MF,ミッドフィールダー
日本,J3,アスルクラロ沼津,渡邉 綾平,日本,23,170cm,68kg,MF,ミッドフィールダー
日本,J3,アスルクラロ沼津,鈴木 輪太朗 イブラヒーム,日本,22,192cm,85kg,FW,フォワード
日本,J3,アスルクラロ沼津,齋藤 学,日本,35,170cm,66kg,FW,フォワード
日本,J3,アスルクラロ沼津,川又 堅碁,日本,35,184cm,77kg,FW,フォワード
日本,J3,アスルクラロ沼津,白輪地 敬大,日本,23,172cm,68kg,FW,フォワード
日本,J3,アスルクラロ沼津,ウェベルトン,ブラジル,23,180cm,78kg,FW,フォワード
日本,J3,アスルクラロ沼津,赤塚 ミカエル,日本,24,177cm,71kg,FW,フォワード
イングランド,プレミアリーグ,ブライトン,三苫 薫,日本,28,,,MF,左ウィンガー
イングランド,プレミアリーグ,リーズ,田中 碧,日本,26,,,MF,ミッドフィルダー
イングランド,プレミアリーグ,リヴァプール,遠藤 航,日本,32,,,MF,ミッドフィルダー
イングランド,プレミアリーグ,トッテナム,高井 幸大,日本,20,,,DF,センターバック
スペイン,ラ・リーガ,ソシエダ,久保 建英,日本,24,,,MF,右ウィンガー
イタリア,セリエA,パルマ,鈴木 彩艶,日本,22,,,GK,ゴールキーパー
ドイツ,ブンデスリーガ,バイエルン,伊藤 洋輝,日本,26,,,DF,センターバック
フランス,リーグ・アン,モナコ,南野 拓実,日本,30,,,MF,左ウィンガー
ドイツ,ブンデスリーガ,フライブルク,堂安 律,日本,27,,,MF,右ウィンガー
ドイツ,ブンデスリーガ,マインツ,佐野 海舟,日本,24,,,MF,ミッドフィルダー
ドイツ,ブンデスリーガ,ボルシアMG,板倉 滉,日本,28,,,DF,センターバック
イングランド,プレミアリーグ,クリスタルパレス,鎌田 大地,日本,28,,,MF,ミッドフィルダー
ドイツ,ブンデスリーガ,ホッヘンハイム,町田 浩樹,日本,27,,,DF,センターバック
ドイツ,ブンデスリーガ,フライブルク,鈴木 唯人,日本,23,,,MF,右ウィンガー
ドイツ,ブンデスリーガ,マインツ,川﨑颯太,日本,23,,,MF,ミッドフィルダー
フランス,リーグ・アン,オセール,オナイウ 阿道,日本,29,,,FW,フォワード
スペイン,ラ・リーガ,マジョルカ,浅野 拓磨,日本,30,,,MF,右ウィンガー
ドイツ,ブンデスリーガ,ボルシアMG,福田 師王,日本,21,,,FW,フォワード
ドイツ,ブンデスリーガ,シュツットガルト,チェイス・アンリ,日本,21,,,DF,センターバック
イングランド,チャンピオンシップ,バーミンガム・シティ,古橋 亨梧,日本,30,,,FW,フォワード
ドイツ,ブンデスリーガ,ザンクトパウリ,藤田譲瑠チマ,日本,23,,,MF,ミッドフィルダー
ポルトガル,プリメイラリーガ,スポルティングCP,森田英正,日本,29,,,MF,ミッドフィルダー
オランダ,エールディビジ,フェイエノールト,上田綺世,日本,26,,,FW,フォワード
フランス,リーグ・アン,ル・アーヴル,瀬古歩,日本,25,,,DF,センターバック
ドイツ,ブンデスリーガ,ボルシアMG,町野修斗,日本,25,,,FW,フォワード